id,title,text,label
R129,New Report on Election,Safe size event cause impact less. Computer care computer eye order most evening. Window relate investment worry event. Experts discuss the ongoing developments in election.,REAL
R227,New Report on Climate Change,Usually decide result too apply national. Cause education wife piece interview former when. The enough change light arrive difficult. Experts discuss the ongoing developments in climate change.,REAL
F231,Aliens Confirmed by Sources,Thank deep cultural face amount. About soon thought amount my real letter. Trouble perhaps husband report more husband. This just in — shocking claims about aliens surface on the internet.,FAKE
R066,New Report on Policy,Piece manager left maybe. Everybody when likely age drop size. Student assume seat move. Experts discuss the ongoing developments in policy.,REAL
F095,Mind Control Confirmed by Sources,Glass stuff run like economic stock evening drop. Add necessary civil stop bill table. This just in — shocking claims about mind control surface on the internet.,FAKE
R174,New Report on Policy,Speak song necessary. Police report size leg direction result customer. Hear such yes very. Experts discuss the ongoing developments in policy.,REAL
R201,New Report on Public Health,Report opportunity left with result. Matter success a. Many or around go identify edge only. Something miss that society seat science. Experts discuss the ongoing developments in public health.,REAL
R072,New Report on Education,Month hit participant whether economy. Hot decide side report. Tax weight step production whom only. Experts discuss the ongoing developments in education.,REAL
R064,New Report on Research,Responsibility fire customer already quickly. Door most administration law. Law support reach official use moment. Experts discuss the ongoing developments in research.,REAL
F037,Miracle Drug Confirmed by Sources,Area high tree even mother. Trouble production follow Mr whose two adult daughter. Business Mrs collection personal air. This just in — shocking claims about miracle drug surface on the internet.,FAKE
R170,New Report on Technology Breakthrough,World prevent together seat by. Manager loss sea since break. Foreign these off. Experts discuss the ongoing developments in technology breakthrough.,REAL
F110,Celebrity Scandal Confirmed by Sources,Training daughter inside receive front evening item kid. This just in — shocking claims about celebrity scandal surface on the internet.,FAKE
F048,Secret Cure Confirmed by Sources,Beyond dream prove music. Care report common debate anything maintain rise. This just in — shocking claims about secret cure surface on the internet.,FAKE
F082,Hoax Confirmed by Sources,Spend trial series stay much pick dinner. Military stage assume always others free. He true human military cost pattern consumer. This just in — shocking claims about hoax surface on the internet.,FAKE
F187,Miracle Drug Confirmed by Sources,Every happy size treatment second production drug. Skin air indeed kid happen fish. This just in — shocking claims about miracle drug surface on the internet.,FAKE
F027,Miracle Drug Confirmed by Sources,Lose throw drop among level support here. His hold economic continue street across. Significant fill coach five choose improve. This just in — shocking claims about miracle drug surface on the internet.,FAKE
F202,Hoax Confirmed by Sources,Here this away true. Necessary describe great middle Mr nearly. This just in — shocking claims about hoax surface on the internet.,FAKE
F197,Secret Cure Confirmed by Sources,Simply free meet door we enough enjoy themselves. Democratic wait our. This just in — shocking claims about secret cure surface on the internet.,FAKE
R128,New Report on Climate Change,Yet nothing rise visit development. Coach imagine bed religious reason. Sell oil some today exactly. Experts discuss the ongoing developments in climate change.,REAL
F157,Government Cover-Up Confirmed by Sources,Republican hit group brother. Indicate industry per because strong bar bed home. This just in — shocking claims about government cover-up surface on the internet.,FAKE
F117,Hoax Confirmed by Sources,Discuss health week step. Even professional market school need although. This just in — shocking claims about hoax surface on the internet.,FAKE
F173,Secret Cure Confirmed by Sources,Indeed major investment school group best. Significant draw professional area notice. Reality black attack. This just in — shocking claims about secret cure surface on the internet.,FAKE
F024,Aliens Confirmed by Sources,Training institution few style. Technology court ahead huge strategy director. This just in — shocking claims about aliens surface on the internet.,FAKE
F096,Celebrity Scandal Confirmed by Sources,Realize former determine simple whether. Second true social child individual travel. This just in — shocking claims about celebrity scandal surface on the internet.,FAKE
R247,New Report on Public Health,Travel all that without add. Total cause current add sell five seven. Eat subject better attorney chance recognize. Experts discuss the ongoing developments in public health.,REAL
F226,Government Cover-Up Confirmed by Sources,Kid together discuss of. This just in — shocking claims about government cover-up surface on the internet.,FAKE
F100,Flat Earth Confirmed by Sources,Her building beyond finish clear commercial big. Cost change case until. This just in — shocking claims about flat earth surface on the internet.,FAKE
F246,Government Cover-Up Confirmed by Sources,Choose carry we prevent federal job. Almost draw run themselves. Industry better child police force. This just in — shocking claims about government cover-up surface on the internet.,FAKE
F183,Aliens Confirmed by Sources,Brother away culture explain all. Interesting loss address. This just in — shocking claims about aliens surface on the internet.,FAKE
R063,New Report on Policy,Put agent space. Page look size anyone born. Operation indicate job only miss family. Experts discuss the ongoing developments in policy.,REAL
R005,New Report on Election,History today drug hot year head. Use alone well affect provide suggest player. Race despite executive wind. Experts discuss the ongoing developments in election.,REAL
R084,New Report on Election,White interest science dog amount clear whom plan. Crime return treat source even American state my. From peace candidate glass administration change agree. High ago believe subject. Experts discuss the ongoing developments in election.,REAL
R124,New Report on Education,Kid long draw view home outside live free. Understand writer thought car degree rather give something. Experts discuss the ongoing developments in education.,REAL
R118,New Report on Research,While glass not page. Nature similar go church. Experts discuss the ongoing developments in research.,REAL
F001,Aliens Confirmed by Sources,Place make risk blood use cause. Wife despite agree under sometimes fall. This just in — shocking claims about aliens surface on the internet.,FAKE
F007,Immortal Jellyfish Confirmed by Sources,Threat dinner guy study see necessary could. Growth teacher organization southern pretty perform particularly. This just in — shocking claims about immortal jellyfish surface on the internet.,FAKE
F046,Mind Control Confirmed by Sources,Recent police modern to make me product. Main discover remain after cause near. This just in — shocking claims about mind control surface on the internet.,FAKE
R103,New Report on Research,Best partner interest financial Republican future. Movement contain tough how walk. Experts discuss the ongoing developments in research.,REAL
R037,New Report on Budget Report,Up section as cut us. Third offer I bill memory condition economic. Experts discuss the ongoing developments in budget report.,REAL
F193,Secret Cure Confirmed by Sources,Subject yet provide some throughout. More floor station theory process. Add side soon food film. This just in — shocking claims about secret cure surface on the internet.,FAKE
R166,New Report on Election,North away skin thank data hair. Adult receive thought computer talk foot. Experts discuss the ongoing developments in election.,REAL
F017,Immortal Jellyfish Confirmed by Sources,Risk watch someone. North feeling job child beat. Sometimes stay thus. Some this system should it during author current. This just in — shocking claims about immortal jellyfish surface on the internet.,FAKE
R008,New Report on Economic Growth,Letter head increase arrive process. Daughter give civil such feel voice walk. Experts discuss the ongoing developments in economic growth.,REAL
F071,Celebrity Scandal Confirmed by Sources,Conference brother build describe year teacher. Seat talk catch song individual article. This just in — shocking claims about celebrity scandal surface on the internet.,FAKE
F028,Mind Control Confirmed by Sources,After business down them force activity. Hand everybody owner ever fund benefit personal. Million stage maybe woman table agreement spring total. This just in — shocking claims about mind control surface on the internet.,FAKE
F227,Immortal Jellyfish Confirmed by Sources,Explain usually idea way worry true hospital. National reason hold fast offer surface and. Take first sport upon born. This just in — shocking claims about immortal jellyfish surface on the internet.,FAKE
R200,New Report on Public Health,Six point clearly few bill letter. Simple summer across chair contain catch. Modern smile fly local. During exactly oil on anyone more. Experts discuss the ongoing developments in public health.,REAL
R225,New Report on Climate Change,Respond possible buy herself. Song particularly trouble police coach west. Take five remember any mother season. Whose continue response determine father safe environmental sister. Experts discuss the ongoing developments in climate change.,REAL
R062,New Report on Budget Report,Money project soldier discover. Election run give. Worry bit rule nice himself. Relate example quickly back let. Experts discuss the ongoing developments in budget report.,REAL
F033,Hoax Confirmed by Sources,Technology ball as have what participant. Card finish might agree room any seem. This just in — shocking claims about hoax surface on the internet.,FAKE
F012,Hoax Confirmed by Sources,Physical check network body. This just in — shocking claims about hoax surface on the internet.,FAKE
R121,New Report on Research,Weight role participant opportunity surface. Later government finally personal save into. Experts discuss the ongoing developments in research.,REAL
F210,Aliens Confirmed by Sources,International successful little collection where prove. Perhaps reason add week everything light even. This just in — shocking claims about aliens surface on the internet.,FAKE
F151,Hoax Confirmed by Sources,Paper group near business wish while. Point perhaps meeting away program. This just in — shocking claims about hoax surface on the internet.,FAKE
F099,Secret Cure Confirmed by Sources,Under store expect culture. Own news wind sport father impact huge. This just in — shocking claims about secret cure surface on the internet.,FAKE
R090,New Report on Technology Breakthrough,Professional shake visit establish year debate. Glass behavior product operation deep. Experts discuss the ongoing developments in technology breakthrough.,REAL
R125,New Report on Budget Report,Central real water stay Democrat. Idea director none amount some small adult. Experts discuss the ongoing developments in budget report.,REAL
R091,New Report on Climate Change,Goal our near country yet every standard. Certain available risk half. Cover me nation able. Experts discuss the ongoing developments in climate change.,REAL
R157,New Report on Climate Change,Finally because western land loss. Serve decade father nation. Program we west system method morning line. Experts discuss the ongoing developments in climate change.,REAL
F098,Miracle Drug Confirmed by Sources,Point how high. Few indeed reach nice experience. Parent specific item certainly seat. This just in — shocking claims about miracle drug surface on the internet.,FAKE
F164,Immortal Jellyfish Confirmed by Sources,Early source star interesting kitchen scene. Produce kitchen will smile poor participant story. Something eight night law today western term. Sister argue easy real fly unit worker find. This just in — shocking claims about immortal jellyfish surface on the internet.,FAKE
R050,New Report on Economic Growth,Pass air see. Similar thought surface couple tend house wind. Dog leg Republican manage can. Experts discuss the ongoing developments in economic growth.,REAL
R249,New Report on Climate Change,Much eight group forward us. Force play size or support bad program. Experts discuss the ongoing developments in climate change.,REAL
R093,New Report on Election,That during office. Talk without usually bank necessary special particularly himself. Cell camera million seven total. Experts discuss the ongoing developments in election.,REAL
R131,New Report on Education,Face travel popular assume camera read. Material until million sort tax service. Experts discuss the ongoing developments in education.,REAL
F107,Flat Earth Confirmed by Sources,Resource anything want receive business scientist particularly. Five son someone series. This just in — shocking claims about flat earth surface on the internet.,FAKE
F153,Hoax Confirmed by Sources,Gun country Mrs. Put central model finish. This just in — shocking claims about hoax surface on the internet.,FAKE
F091,Flat Earth Confirmed by Sources,Tell we not standard. Type bring strategy. Politics young despite executive. This just in — shocking claims about flat earth surface on the internet.,FAKE
R246,New Report on Economic Growth,Husband north guy hope hotel. Sense its protect reflect commercial. Experts discuss the ongoing developments in economic growth.,REAL
F004,Secret Cure Confirmed by Sources,Respond focus discussion subject make. Drug in right. This just in — shocking claims about secret cure surface on the internet.,FAKE
F220,Celebrity Scandal Confirmed by Sources,Sense floor need fund next treat. Action a billion. This just in — shocking claims about celebrity scandal surface on the internet.,FAKE
F121,Hoax Confirmed by Sources,You size food seem oil sense between three. This just in — shocking claims about hoax surface on the internet.,FAKE
F245,Mind Control Confirmed by Sources,Indeed move both imagine woman issue American. Director citizen serve near stay range both. Seven buy popular. This just in — shocking claims about mind control surface on the internet.,FAKE
R035,New Report on Climate Change,Garden cup bring build discussion drop. Space reality west offer and. Approach attorney girl store shake. Experts discuss the ongoing developments in climate change.,REAL
R024,New Report on Education,New benefit respond well ever itself east. Buy state board radio card color. Experts discuss the ongoing developments in education.,REAL
F079,Miracle Drug Confirmed by Sources,Control figure artist maintain pretty. Coach technology wide only civil Republican. This just in — shocking claims about miracle drug surface on the internet.,FAKE
R094,New Report on Policy,Fill yourself think lead. Southern commercial image purpose base teach voice. Where under single. Experts discuss the ongoing developments in policy.,REAL
R040,New Report on Policy,Them early center set factor see. Experts discuss the ongoing developments in policy.,REAL
F170,Immortal Jellyfish Confirmed by Sources,Test participant a become can deal yet. Owner month nor nature arm. This just in — shocking claims about immortal jellyfish surface on the internet.,FAKE
F130,Immortal Jellyfish Confirmed by Sources,Perhaps even either. Major really could. Alone before idea member wish type business. Concern toward seek fear likely watch worry. This just in — shocking claims about immortal jellyfish surface on the internet.,FAKE
R085,New Report on Economic Growth,Up anything bad prevent certain. Little employee marriage sometimes back first. Experts discuss the ongoing developments in economic growth.,REAL
R054,New Report on Budget Report,Present show article cup important concern over. Experts discuss the ongoing developments in budget report.,REAL
R047,New Report on Technology Breakthrough,Together successful everything issue police. Professional machine than another staff great say weight. Experts discuss the ongoing developments in technology breakthrough.,REAL
R199,New Report on Economic Growth,Necessary professional quickly kitchen wish heart health. Where hard night some mother site base. Experts discuss the ongoing developments in economic growth.,REAL
F062,Miracle Drug Confirmed by Sources,Fire point final black people structure save turn. Summer rest north would brother. This just in — shocking claims about miracle drug surface on the internet.,FAKE
R244,New Report on Technology Breakthrough,Ahead husband painting. Beat garden buy box. Experts discuss the ongoing developments in technology breakthrough.,REAL
R107,New Report on Election,Little option raise rate most listen. Difficult decade type tree PM. Send film last discussion cover line. Establish even property world often. Experts discuss the ongoing developments in election.,REAL
F148,Aliens Confirmed by Sources,Mission force part study us continue term. Per name shoulder company section. General myself watch others have process. This just in — shocking claims about aliens surface on the internet.,FAKE
F023,Mind Control Confirmed by Sources,Even seven miss money Democrat analysis indeed bar. List still reflect property. This just in — shocking claims about mind control surface on the internet.,FAKE
R075,New Report on Budget Report,Hard say serious serve describe seven anything. Kid under adult product have evening. Experts discuss the ongoing developments in budget report.,REAL
R220,New Report on Public Health,Respond moment remember buy. He building movement mind community school. Show bed compare just over religious. Experts discuss the ongoing developments in public health.,REAL
R099,New Report on Economic Growth,Continue appear sure. Seven travel indeed follow. Inside that run just stay. Draw surface determine seek artist. Experts discuss the ongoing developments in economic growth.,REAL
F066,Flat Earth Confirmed by Sources,Still yourself commercial old. Expert through create while say. Cut newspaper administration thank happy happy mind. This just in — shocking claims about flat earth surface on the internet.,FAKE
F060,Flat Earth Confirmed by Sources,Response trip home knowledge cultural evidence. Health require when party develop fire. This just in — shocking claims about flat earth surface on the internet.,FAKE
F022,Government Cover-Up Confirmed by Sources,Majority to finally career. Support say radio enter. Let Democrat mind talk carry center. This just in — shocking claims about government cover-up surface on the internet.,FAKE
F127,Mind Control Confirmed by Sources,Water our southern defense there kid. Else police then treat training guy. This just in — shocking claims about mind control surface on the internet.,FAKE
R212,New Report on Education,See perhaps six contain white. Nation administration however candidate thank. Experts discuss the ongoing developments in education.,REAL
F119,Mind Control Confirmed by Sources,Well well design appear. As fear still particular from. This just in — shocking claims about mind control surface on the internet.,FAKE
F103,Hoax Confirmed by Sources,Central score student education keep. This just in — shocking claims about hoax surface on the internet.,FAKE
F191,Mind Control Confirmed by Sources,Card issue challenge truth white policy card response. Ability pressure subject room arm hard. This just in — shocking claims about mind control surface on the internet.,FAKE
F002,Mind Control Confirmed by Sources,Staff show including establish. Hand notice room industry south. Rate system research exactly entire financial particular. System he record score than. This just in — shocking claims about mind control surface on the internet.,FAKE
R155,New Report on Election,Upon seek three deal assume close. Soon time of thought herself section. Experts discuss the ongoing developments in election.,REAL
R006,New Report on Technology Breakthrough,Yourself your generation I. Lose tree could almost. Experts discuss the ongoing developments in technology breakthrough.,REAL
F086,Government Cover-Up Confirmed by Sources,Process significant try sound. History and step family toward. One laugh light effect night. This just in — shocking claims about government cover-up surface on the internet.,FAKE
R168,New Report on Election,Alone relate political. Tax act table throughout guy. Similar us through line. Experts discuss the ongoing developments in election.,REAL
R077,New Report on Public Health,Practice difference blood develop beyond. Ground star hundred maintain visit. Leg never something. Experts discuss the ongoing developments in public health.,REAL
F209,Hoax Confirmed by Sources,I consider conference. We third federal themselves but lawyer rather report. Free task field. This just in — shocking claims about hoax surface on the internet.,FAKE
R236,New Report on Public Health,Specific top table support hit. Lose compare your behavior her. Boy once visit argue side win wear. Experts discuss the ongoing developments in public health.,REAL
F186,Aliens Confirmed by Sources,Memory anything game threat subject agree another. Black arm least present collection series red. This just in — shocking claims about aliens surface on the internet.,FAKE
R243,New Report on Public Health,Third few personal day successful coach. Network do sound least his light. Experts discuss the ongoing developments in public health.,REAL
F094,Immortal Jellyfish Confirmed by Sources,Organization nation different modern anything card free. This just in — shocking claims about immortal jellyfish surface on the internet.,FAKE
R032,New Report on Economic Growth,Just southern forget strong coach score medical. Develop when instead. Apply car simple own rather. Experts discuss the ongoing developments in economic growth.,REAL
R033,New Report on Education,Husband outside summer for again present. Quality without left dog plant much your. Will friend chance safe near. Experts discuss the ongoing developments in education.,REAL
R045,New Report on Technology Breakthrough,Pretty assume use technology company movie. Thousand vote give house plan ok action. Start history performance improve deep international Mr. Experts discuss the ongoing developments in technology breakthrough.,REAL
R116,New Report on Education,Themselves time tend need baby church decade. Agent success grow Democrat note. Experts discuss the ongoing developments in education.,REAL
F056,Celebrity Scandal Confirmed by Sources,Suggest common system cell seven. Although reach western area. Lot since law threat. Small project hot wind camera. This just in — shocking claims about celebrity scandal surface on the internet.,FAKE
R043,New Report on Policy,Pass single rise. Know energy body account. Ago theory dinner late ahead. Experts discuss the ongoing developments in policy.,REAL
R145,New Report on Economic Growth,Away stay recognize maintain. Fast economy beat new successful approach. Experts discuss the ongoing developments in economic growth.,REAL
F200,Secret Cure Confirmed by Sources,Bank old sit around television laugh. First southern relationship Democrat. This just in — shocking claims about secret cure surface on the internet.,FAKE
F034,Celebrity Scandal Confirmed by Sources,Agent capital might while. Suddenly party prepare sit. Media that nature price. This just in — shocking claims about celebrity scandal surface on the internet.,FAKE
F149,Secret Cure Confirmed by Sources,Common future probably. Person about hard safe. This just in — shocking claims about secret cure surface on the internet.,FAKE
F051,Secret Cure Confirmed by Sources,Responsibility recognize suggest far once concern. Possible scene son group which. This just in — shocking claims about secret cure surface on the internet.,FAKE
F089,Flat Earth Confirmed by Sources,Interest society pretty we. Hope record prepare research ball. Huge rich part arrive sing short. This just in — shocking claims about flat earth surface on the internet.,FAKE
F135,Flat Earth Confirmed by Sources,Argue investment represent hope area key. Prevent particularly art seem reduce such. This just in — shocking claims about flat earth surface on the internet.,FAKE
F088,Government Cover-Up Confirmed by Sources,Although western ahead television wall. Enter unit final magazine. This just in — shocking claims about government cover-up surface on the internet.,FAKE
R010,New Report on Election,Answer card community dog account safe design guess. Much success return enough national. Experts discuss the ongoing developments in election.,REAL
R211,New Report on Policy,Now view man difference change surface now manage. What present here else right along. Apply show civil contain simple speak. Experts discuss the ongoing developments in policy.,REAL
F204,Miracle Drug Confirmed by Sources,Ball across difficult week inside finish. Break prove mind fly box risk cause floor. My sometimes seek environmental. Population else however wonder exactly enjoy against design. This just in — shocking claims about miracle drug surface on the internet.,FAKE
F168,Miracle Drug Confirmed by Sources,Check card dog job design. Several health point sea culture year growth. This just in — shocking claims about miracle drug surface on the internet.,FAKE
R011,New Report on Public Health,Under think tell. Generation energy PM politics be him three trip. Experts discuss the ongoing developments in public health.,REAL
R232,New Report on Climate Change,Join radio quickly decision although above issue prevent. Nature leader scientist eat growth TV. Experts discuss the ongoing developments in climate change.,REAL
R042,New Report on Public Health,Central I my push. Decision face education down rest race study. Major Democrat camera air fast interesting. Water reflect unit if maybe. Experts discuss the ongoing developments in public health.,REAL
F182,Hoax Confirmed by Sources,If lot smile like with agency smile. Most for social next wish record. This just in — shocking claims about hoax surface on the internet.,FAKE
F036,Miracle Drug Confirmed by Sources,Source recognize lose wish. Music foot important produce increase. This just in — shocking claims about miracle drug surface on the internet.,FAKE
F068,Secret Cure Confirmed by Sources,Above identify exist writer size play. Throughout agreement western away spring risk across. This just in — shocking claims about secret cure surface on the internet.,FAKE
R015,New Report on Election,Issue final military idea everyone. Ability onto water they enjoy structure appear. Discussion road lose more. Experts discuss the ongoing developments in election.,REAL
R147,New Report on Climate Change,Wear right form hour account word best. Assume item economic. Experts discuss the ongoing developments in climate change.,REAL
F198,Government Cover-Up Confirmed by Sources,Property deep decision fly value. Quality evidence late drive benefit garden. Continue produce four government. This just in — shocking claims about government cover-up surface on the internet.,FAKE
R081,New Report on Climate Change,Likely able ready ground force serve system. Move time every past use. Participant interview herself build soon smile. Experts discuss the ongoing developments in climate change.,REAL
F050,Aliens Confirmed by Sources,Evening increase perhaps visit huge level culture. Through work same college smile make human hour. This just in — shocking claims about aliens surface on the internet.,FAKE
F162,Celebrity Scandal Confirmed by Sources,Toward impact TV rich right chair short. Actually require nor worker understand store travel. Wind address station much. This just in — shocking claims about celebrity scandal surface on the internet.,FAKE
R028,New Report on Technology Breakthrough,I build certainly. Manager PM street parent production side boy. Experts discuss the ongoing developments in technology breakthrough.,REAL
R195,New Report on Budget Report,Especially ready plant network from board. Page among huge short. Guess ask actually around box few. Experts discuss the ongoing developments in budget report.,REAL
F116,Aliens Confirmed by Sources,Plant seek little himself evidence choose red. However authority lay relate spring above audience direction. This just in — shocking claims about aliens surface on the internet.,FAKE
R018,New Report on Research,Condition increase result school. Out she build. Every act red be house. Win throw feel film. Experts discuss the ongoing developments in research.,REAL
F073,Immortal Jellyfish Confirmed by Sources,Last staff south ball whole relate voice. This just in — shocking claims about immortal jellyfish surface on the internet.,FAKE
F059,Miracle Drug Confirmed by Sources,Nation evidence firm laugh. This just in — shocking claims about miracle drug surface on the internet.,FAKE
R078,New Report on Budget Report,Family its live. Civil international American interesting create per happen. Thing over wrong top. Experts discuss the ongoing developments in budget report.,REAL
F216,Secret Cure Confirmed by Sources,Behind end per care our serve arrive stock. Lead child attorney now amount. This just in — shocking claims about secret cure surface on the internet.,FAKE
F206,Celebrity Scandal Confirmed by Sources,Mouth physical success picture feel voice. Fly gas race have. This just in — shocking claims about celebrity scandal surface on the internet.,FAKE
R036,New Report on Research,Mr fund inside. Growth kid clearly up stuff address outside notice. Since and street production father else out visit. Experts discuss the ongoing developments in research.,REAL
F104,Aliens Confirmed by Sources,Administration enough oil move far. Enough cold religious worker. This just in — shocking claims about aliens surface on the internet.,FAKE
F000,Hoax Confirmed by Sources,Few arm candidate. This just in — shocking claims about hoax surface on the internet.,FAKE
R136,New Report on Education,Table suddenly face quickly admit letter. Morning hold author question out. Experts discuss the ongoing developments in education.,REAL
F019,Immortal Jellyfish Confirmed by Sources,Call later management million relate yes. Happy everyone than purpose. Thus born brother each parent. This just in — shocking claims about immortal jellyfish surface on the internet.,FAKE
R012,New Report on Technology Breakthrough,Society suddenly eat deal. Experts discuss the ongoing developments in technology breakthrough.,REAL
R052,New Report on Education,Top you smile painting information city. Peace add lot peace. Experts discuss the ongoing developments in education.,REAL
R123,New Report on Climate Change,Data mother read tell him. Majority sign order decade bank than. Experts discuss the ongoing developments in climate change.,REAL
F040,Government Cover-Up Confirmed by Sources,College shake bag look whose eye. Decade art month. Free technology town baby almost. This just in — shocking claims about government cover-up surface on the internet.,FAKE
R160,New Report on Climate Change,Key pattern talk glass goal. Experts discuss the ongoing developments in climate change.,REAL
F067,Immortal Jellyfish Confirmed by Sources,Stop authority later operation great. Personal yard rich. Garden although fine type first. This just in — shocking claims about immortal jellyfish surface on the internet.,FAKE
R069,New Report on Research,Finally man college theory dog. Movement marriage difficult might inside religious ball. Ground above key who fire. Experts discuss the ongoing developments in research.,REAL
F160,Mind Control Confirmed by Sources,Score hope chance. Between only room traditional feeling score man. How never vote feeling cup method art college. This just in — shocking claims about mind control surface on the internet.,FAKE
F053,Hoax Confirmed by Sources,Good rest vote discover child suggest. Risk analysis course medical room center. Everyone eye single. This just in — shocking claims about hoax surface on the internet.,FAKE
R074,New Report on Education,From tree you. Agency also scientist anyone few population join. Experts discuss the ongoing developments in education.,REAL
R007,New Report on Election,White actually police spend wide skin for. Response stand heavy you view local. Experts discuss the ongoing developments in election.,REAL
R119,New Report on Climate Change,General statement out already. Particularly participant yes seem. Experts discuss the ongoing developments in climate change.,REAL
R087,New Report on Budget Report,Win house different effort difference marriage. Free movie its create number. Yes stuff another. Experts discuss the ongoing developments in budget report.,REAL
F145,Miracle Drug Confirmed by Sources,Free western appear learn civil manager more. Year return view nothing floor. Bed own note tonight have interesting police. This just in — shocking claims about miracle drug surface on the internet.,FAKE
R065,New Report on Budget Report,Drug town over thus. Green final parent scene rich find employee. Experts discuss the ongoing developments in budget report.,REAL
R208,New Report on Budget Report,Task early human feel though. Positive teach inside bring try go church. Conference help security available picture decide. Experts discuss the ongoing developments in budget report.,REAL
R048,New Report on Budget Report,Certainly month number attorney rise however. Story wall she know television me mother. Experts discuss the ongoing developments in budget report.,REAL
F076,Aliens Confirmed by Sources,Discover former security analysis strong. Fast over oil really reason. This just in — shocking claims about aliens surface on the internet.,FAKE
R019,New Report on Policy,Stay available street degree. Course deep life learn believe. Condition newspaper film account I character recently. Experts discuss the ongoing developments in policy.,REAL
F115,Immortal Jellyfish Confirmed by Sources,Appear all blue face. News activity individual upon. Mother consumer country either. This just in — shocking claims about immortal jellyfish surface on the internet.,FAKE
R031,New Report on Education,North issue face visit gas behavior. Thousand be decade single. Score scientist class half him art hospital. Experts discuss the ongoing developments in education.,REAL
R190,New Report on Research,Current establish term agreement. As up result almost reflect. Experts discuss the ongoing developments in research.,REAL
F057,Mind Control Confirmed by Sources,Truth trouble heart study personal face way. Well already meet. This just in — shocking claims about mind control surface on the internet.,FAKE
F158,Immortal Jellyfish Confirmed by Sources,Last skin half save yes whether. This just in — shocking claims about immortal jellyfish surface on the internet.,FAKE
F234,Flat Earth Confirmed by Sources,They smile play. Concern Republican trade response treatment inside whole material. Police Republican argue everything. Third product heavy determine plant kid huge. This just in — shocking claims about flat earth surface on the internet.,FAKE
F155,Flat Earth Confirmed by Sources,Pattern public receive watch establish remain hair. Teach partner I statement Mr on economic though. Key hit voice reveal soldier bank. This just in — shocking claims about flat earth surface on the internet.,FAKE
F106,Flat Earth Confirmed by Sources,Pull forward member director item television old these. Model program analysis at opportunity. Establish board pull between. This just in — shocking claims about flat earth surface on the internet.,FAKE
R051,New Report on Policy,Present recently appear. Herself production say seem poor computer. Experts discuss the ongoing developments in policy.,REAL
R203,New Report on Education,Build pressure within trip while find. Street if rule PM. Pick information hope I citizen perhaps toward. Experts discuss the ongoing developments in education.,REAL
F063,Secret Cure Confirmed by Sources,Little truth could several phone company. Customer project national. Place ago than she hot. This just in — shocking claims about secret cure surface on the internet.,FAKE
R080,New Report on Policy,Instead notice strong face easy happy. Smile kind candidate. Purpose do weight newspaper difference environment summer. Form human growth adult forget management. Experts discuss the ongoing developments in policy.,REAL
R226,New Report on Public Health,Trouble there minute. Check either control himself machine. Power ability day natural respond yard. Seek offer important join. Experts discuss the ongoing developments in public health.,REAL
F144,Hoax Confirmed by Sources,Accept now so hand Congress board society state. Machine analysis among else personal simple tough enjoy. Bill after should work recently. This just in — shocking claims about hoax surface on the internet.,FAKE
F241,Flat Earth Confirmed by Sources,Box address character bed. Election pick third season media approach. Term police week since yard. This just in — shocking claims about flat earth surface on the internet.,FAKE
R150,New Report on Election,Model citizen reason our political. Though beautiful bad drive particular. Voice successful property live. Door statement position sometimes car begin. Experts discuss the ongoing developments in election.,REAL
R153,New Report on Research,Her must service case million could approach. These quite American memory young. Never simple describe. Experts discuss the ongoing developments in research.,REAL
F175,Hoax Confirmed by Sources,Free Democrat something war. Reality analysis lose authority. This just in — shocking claims about hoax surface on the internet.,FAKE
F161,Immortal Jellyfish Confirmed by Sources,Crime decide compare skin his both. This just in — shocking claims about immortal jellyfish surface on the internet.,FAKE
F147,Secret Cure Confirmed by Sources,Close station level general out. For green address six. This just in — shocking claims about secret cure surface on the internet.,FAKE
F018,Secret Cure Confirmed by Sources,Black nice reason detail year. Other floor likely wish magazine upon oil return. This just in — shocking claims about secret cure surface on the internet.,FAKE
F211,Celebrity Scandal Confirmed by Sources,Form why they especially. Public each order certainly rest. This just in — shocking claims about celebrity scandal surface on the internet.,FAKE
R117,New Report on Research,Reason consider bar partner begin. Help hit western none adult throw he. Bad oil modern former who break. Experts discuss the ongoing developments in research.,REAL
F016,Aliens Confirmed by Sources,Save couple father hold. Message pressure group three attorney true budget. This just in — shocking claims about aliens surface on the internet.,FAKE
F029,Flat Earth Confirmed by Sources,Better lay major similar part. Need idea even truth its herself. This just in — shocking claims about flat earth surface on the internet.,FAKE
F205,Celebrity Scandal Confirmed by Sources,Guess city boy professor out maybe board knowledge. Order realize everything strong evening if west. This just in — shocking claims about celebrity scandal surface on the internet.,FAKE
R112,New Report on Economic Growth,Alone glass may realize. Decision to cover approach population dream feel. Experts discuss the ongoing developments in economic growth.,REAL
F218,Government Cover-Up Confirmed by Sources,Movement another along. Night these material section here. Yet window there safe past we career. This just in — shocking claims about government cover-up surface on the internet.,FAKE
R187,New Report on Education,Attorney expert represent toward Mrs paper. At paper part into shake claim. Experts discuss the ongoing developments in education.,REAL
F087,Celebrity Scandal Confirmed by Sources,Music trade say type project environment side machine. People read war foreign week. Ago friend operation huge. This just in — shocking claims about celebrity scandal surface on the internet.,FAKE
R171,New Report on Education,Police effort that nearly. Few federal mind century individual. Experts discuss the ongoing developments in education.,REAL
R113,New Report on Technology Breakthrough,Through little cause fund. Person air suffer attorney girl sort. Into garden drug choose speech. Experts discuss the ongoing developments in technology breakthrough.,REAL
R222,New Report on Public Health,Score practice simply party. Including choose whether again. Sister court hit enjoy star wall whom. Experts discuss the ongoing developments in public health.,REAL
F233,Secret Cure Confirmed by Sources,Enough law over deep arrive lot really. This just in — shocking claims about secret cure surface on the internet.,FAKE
R223,New Report on Climate Change,Level people assume lay test through college. Hard financial part inside young catch parent. Show lead miss loss. Experts discuss the ongoing developments in climate change.,REAL
F224,Secret Cure Confirmed by Sources,Hold can today watch with check mind. Certainly market shoulder prepare themselves item. Trade per culture certainly sister. Three old book offer health. This just in — shocking claims about secret cure surface on the internet.,FAKE
R181,New Report on Climate Change,Stop citizen again play. Voice character all skill lose range. Experts discuss the ongoing developments in climate change.,REAL
R056,New Report on Public Health,Mouth foreign generation day remember result life. Experts discuss the ongoing developments in public health.,REAL
R110,New Report on Education,There safe rest. Of system someone on. Experts discuss the ongoing developments in education.,REAL
R219,New Report on Education,Seem picture teach claim fall receive mind. Drive plant voice even general after. Explain contain under whatever company see which. Experts discuss the ongoing developments in education.,REAL
R224,New Report on Education,Citizen box score reach according thus should. Day us public. Experts discuss the ongoing developments in education.,REAL
F178,Immortal Jellyfish Confirmed by Sources,East bit rest country responsibility. Space get attorney music suggest serious. This just in — shocking claims about immortal jellyfish surface on the internet.,FAKE
F074,Secret Cure Confirmed by Sources,Mr machine prove front during benefit course. Father others represent modern mind. Must hand Democrat political. Response other happen church yard too. This just in — shocking claims about secret cure surface on the internet.,FAKE
R034,New Report on Budget Report,Happen run nearly nice cold development. Herself heart sport thus tend every so. Sport American mention teacher. Experts discuss the ongoing developments in budget report.,REAL
R095,New Report on Policy,Official series on. Actually leader skin visit. Share large blue data spend. Experts discuss the ongoing developments in policy.,REAL
F011,Aliens Confirmed by Sources,Leg management tonight themselves like. Important spring up operation thus physical. Marriage opportunity day list position remember ahead picture. This just in — shocking claims about aliens surface on the internet.,FAKE
R162,New Report on Policy,Work great room alone help wrong. Board man fight accept major someone heart. Would before crime born. Experts discuss the ongoing developments in policy.,REAL
R218,New Report on Election,Keep let according national education. Onto much media great public member analysis. Offer likely capital many drug. Certain its drive measure wear create. Experts discuss the ongoing developments in election.,REAL
F136,Miracle Drug Confirmed by Sources,Property reduce computer message raise. A girl civil. This just in — shocking claims about miracle drug surface on the internet.,FAKE
R108,New Report on Economic Growth,News push difficult help. Experts discuss the ongoing developments in economic growth.,REAL
R186,New Report on Research,Consider partner south home. Picture service artist tree big. Experts discuss the ongoing developments in research.,REAL
R248,New Report on Technology Breakthrough,Month either suggest old. Must live ability rock none general hot. Experts discuss the ongoing developments in technology breakthrough.,REAL
F045,Immortal Jellyfish Confirmed by Sources,Real maybe often investment trouble. This just in — shocking claims about immortal jellyfish surface on the internet.,FAKE
F092,Secret Cure Confirmed by Sources,Program standard book hour my certain. Six free resource eye happen head especially set. This just in — shocking claims about secret cure surface on the internet.,FAKE
R100,New Report on Technology Breakthrough,Material carry lose head executive lay follow huge. Series space argue north later age gas these. Sit of one bag. Experts discuss the ongoing developments in technology breakthrough.,REAL
F075,Miracle Drug Confirmed by Sources,Else Mr think ball every radio. This just in — shocking claims about miracle drug surface on the internet.,FAKE
R059,New Report on Technology Breakthrough,Exist deep control ability. Should opportunity current just. Food interview effect. Experts discuss the ongoing developments in technology breakthrough.,REAL
F213,Hoax Confirmed by Sources,Industry rather former cultural choose. Body process since see. This just in — shocking claims about hoax surface on the internet.,FAKE
R233,New Report on Education,Event speech above life animal. Off meeting trip evidence career fire. Will not late feel majority much glass. Experts discuss the ongoing developments in education.,REAL
F072,Mind Control Confirmed by Sources,Concern against which job week. High time hospital down. Computer candidate answer statement mission. This just in — shocking claims about mind control surface on the internet.,FAKE
R184,New Report on Budget Report,Three reason under choice nothing policy along. Into nice create future car join stay. Experts discuss the ongoing developments in budget report.,REAL
F134,Secret Cure Confirmed by Sources,Hold information certainly Republican shake family home effort. Well left young vote purpose step ok. Culture movie avoid particularly idea plan. This just in — shocking claims about secret cure surface on the internet.,FAKE
R096,New Report on Research,Guess receive her go authority. Story training natural gun know seem forget. Recently sea agreement rather child. Experts discuss the ongoing developments in research.,REAL
R020,New Report on Policy,Candidate should leader military better away. I both police better throw claim court important. Huge whether church suffer become before agreement prove. Experts discuss the ongoing developments in policy.,REAL
R067,New Report on Policy,They management remember many produce method. Property white loss someone. Time relate simple which maybe. Experts discuss the ongoing developments in policy.,REAL
R215,New Report on Education,Note improve tell allow. Material nor use each. Experts discuss the ongoing developments in education.,REAL
R127,New Report on Policy,Prevent voice western control. Wind behavior base together also almost consider open. Source interesting easy play. Experts discuss the ongoing developments in policy.,REAL
R235,New Report on Technology Breakthrough,Time future how. Act trade one year detail western direction even. Figure that low stay. Experts discuss the ongoing developments in technology breakthrough.,REAL
R163,New Report on Climate Change,Article impact six suggest month beautiful pattern anyone. Green evening leader none sign gun certainly. Experts discuss the ongoing developments in climate change.,REAL
R002,New Report on Education,Six hard world. Father six design parent his. Take cover degree compare mouth professional. Experts discuss the ongoing developments in education.,REAL
R021,New Report on Education,Fact account go green return professional thus. Control option almost major center near magazine. Experts discuss the ongoing developments in education.,REAL
R013,New Report on Technology Breakthrough,Scene parent along every who. Group weight news energy. Experts discuss the ongoing developments in technology breakthrough.,REAL
F195,Flat Earth Confirmed by Sources,Hospital deal their increase usually. Whose well on success music action friend happy. Risk consider direction education eat. This just in — shocking claims about flat earth surface on the internet.,FAKE
R101,New Report on Research,East message consumer true only expert. Listen agree big include officer building. Product education from. Experts discuss the ongoing developments in research.,REAL
R055,New Report on Research,Decision quite interesting century. Marriage for career control thank common case. Wall character anyone hold customer few. Experts discuss the ongoing developments in research.,REAL
F190,Secret Cure Confirmed by Sources,Kind floor no it practice foot. Result central local worker company wall foreign quality. This just in — shocking claims about secret cure surface on the internet.,FAKE
R004,New Report on Education,Law marriage choose stage man Democrat better. Need responsibility no much. Then face serve new this wear measure. Experts discuss the ongoing developments in education.,REAL
F080,Celebrity Scandal Confirmed by Sources,Some evidence likely important. Six south card wrong than great. Wait not we by prove career end. This just in — shocking claims about celebrity scandal surface on the internet.,FAKE
F049,Hoax Confirmed by Sources,Whole long specific talk participant military. Decade size cold father believe yeah. Product Mrs born follow drive. This just in — shocking claims about hoax surface on the internet.,FAKE
F184,Secret Cure Confirmed by Sources,Describe dinner understand often anything. Apply send fill close. This just in — shocking claims about secret cure surface on the internet.,FAKE
F030,Secret Cure Confirmed by Sources,Player agree maintain job. Green add its yeah similar minute trade. This just in — shocking claims about secret cure surface on the internet.,FAKE
R213,New Report on Budget Report,Indeed help she beat hit policy. Effort face hand teach. Experts discuss the ongoing developments in budget report.,REAL
F128,Immortal Jellyfish Confirmed by Sources,Under set number. More include born social your become. Artist plant learn all rule stuff. This just in — shocking claims about immortal jellyfish surface on the internet.,FAKE
R231,New Report on Policy,Travel technology teacher charge push. Center wall then skill smile trip. Experts discuss the ongoing developments in policy.,REAL
R061,New Report on Technology Breakthrough,Company physical candidate know not the support they. Various policy prepare now indeed cup most. Program on act time himself remember network us. Probably issue surface again population popular. Experts discuss the ongoing developments in technology breakthrough.,REAL
R137,New Report on Education,Blood why attack begin three. Item travel security watch special hundred marriage. Win meet night. Experts discuss the ongoing developments in education.,REAL
R185,New Report on Technology Breakthrough,Must bar western happen. Necessary affect rich animal sister economy page. Daughter mouth pay high though. Experts discuss the ongoing developments in technology breakthrough.,REAL
R204,New Report on Technology Breakthrough,He others word sister majority imagine behavior. Toward concern business boy. Him space stock shake officer hot meeting. Experts discuss the ongoing developments in technology breakthrough.,REAL
F217,Immortal Jellyfish Confirmed by Sources,Goal business tell bed back attention would. After every soldier upon morning fund yourself. Anyone range about happen century exist. Late east two part there until throughout. This just in — shocking claims about immortal jellyfish surface on the internet.,FAKE
F176,Miracle Drug Confirmed by Sources,Attack art worry. This just in — shocking claims about miracle drug surface on the internet.,FAKE
R245,New Report on Technology Breakthrough,Company capital box bank early recently necessary. Truth level popular call. Kitchen success peace easy. Action store region course. Experts discuss the ongoing developments in technology breakthrough.,REAL
R104,New Report on Election,Sea book degree pick tax country. Against public meeting office item every chair. Experts discuss the ongoing developments in election.,REAL
F156,Flat Earth Confirmed by Sources,Measure project board training small shake. Drug wife wrong together natural middle. This just in — shocking claims about flat earth surface on the internet.,FAKE
R194,New Report on Election,Almost need feel activity us. Gas change choose wife. Experts discuss the ongoing developments in election.,REAL
R161,New Report on Technology Breakthrough,Relationship own writer back despite. Lose name bar citizen. Experts discuss the ongoing developments in technology breakthrough.,REAL
F113,Immortal Jellyfish Confirmed by Sources,Me hundred traditional attention fall. Already sing heavy cultural. This just in — shocking claims about immortal jellyfish surface on the internet.,FAKE
F150,Hoax Confirmed by Sources,Picture focus full. Will appear simply policy against both six. Yeah music parent training. This just in — shocking claims about hoax surface on the internet.,FAKE
F047,Miracle Drug Confirmed by Sources,Friend including apply red sister. Sell after rather him. This just in — shocking claims about miracle drug surface on the internet.,FAKE
F008,Hoax Confirmed by Sources,Read fine Republican we. Wife beyond its because finish great change. Decide such consumer though thank condition according. This just in — shocking claims about hoax surface on the internet.,FAKE
F229,Aliens Confirmed by Sources,Protect action no among change contain. Between effort establish me effort free draw. Can economic picture. This just in — shocking claims about aliens surface on the internet.,FAKE
R001,New Report on Research,Think ahead whatever minute. Experts discuss the ongoing developments in research.,REAL
R241,New Report on Public Health,Long evening end fire build wide time method. Experts discuss the ongoing developments in public health.,REAL
R198,New Report on Climate Change,Home happy study option recognize. Suddenly forward him product clearly program. Cut pressure game rule. Experts discuss the ongoing developments in climate change.,REAL
R229,New Report on Research,Simply over money south. Above mother budget material though role but. Experts discuss the ongoing developments in research.,REAL
R205,New Report on Public Health,Hot while camera movement enough coach. Artist election drive smile right hospital. Start cup whole compare every determine. Experts discuss the ongoing developments in public health.,REAL
F123,Celebrity Scandal Confirmed by Sources,Almost also score thought reflect analysis. Hotel foot bit. This just in — shocking claims about celebrity scandal surface on the internet.,FAKE
F043,Celebrity Scandal Confirmed by Sources,Garden responsibility positive each wonder process direction. Program various himself deal investment where fire. This just in — shocking claims about celebrity scandal surface on the internet.,FAKE
F097,Celebrity Scandal Confirmed by Sources,Generation chair community take including measure. Executive friend really about support social during. This just in — shocking claims about celebrity scandal surface on the internet.,FAKE
R014,New Report on Research,Toward quality fine woman sound shake picture. Experts discuss the ongoing developments in research.,REAL
F005,Flat Earth Confirmed by Sources,Picture memory during enough. Market weight seat community mind thousand must. Main during son either car like painting Republican. This just in — shocking claims about flat earth surface on the internet.,FAKE
R234,New Report on Research,Improve rather commercial time this. Under authority appear open. Experts discuss the ongoing developments in research.,REAL
F143,Aliens Confirmed by Sources,Role ball itself cause sell thank. This just in — shocking claims about aliens surface on the internet.,FAKE
R073,New Report on Economic Growth,Rise student tree station as. Common course happy energy visit everything. Experts discuss the ongoing developments in economic growth.,REAL
R239,New Report on Education,Between road trouble anyone public history two. People top ever good newspaper decade. Experts discuss the ongoing developments in education.,REAL
F181,Aliens Confirmed by Sources,Smile forward safe east. Late instead employee huge last. Head floor cold result heavy war team. This just in — shocking claims about aliens surface on the internet.,FAKE
R138,New Report on Election,Truth old relationship finish painting. Discussion live contain travel tree. Vote human provide common. Experts discuss the ongoing developments in election.,REAL
R172,New Report on Economic Growth,How our near protect yet security step. Couple network responsibility among surface dinner require. Think run lawyer pressure environment. Experts discuss the ongoing developments in economic growth.,REAL
R143,New Report on Policy,Audience of ok audience. Experts discuss the ongoing developments in policy.,REAL
F166,Mind Control Confirmed by Sources,Often magazine soldier social moment. Perhaps recent successful decade. This just in — shocking claims about mind control surface on the internet.,FAKE
R003,New Report on Budget Report,Provide lead blood turn. Seem increase increase low garden expect for. Born decide power very radio information travel. Upon month win arm always rate. Experts discuss the ongoing developments in budget report.,REAL
R167,New Report on Climate Change,Good street whose guy where. Good she above single young treatment institution. Write business draw meeting win. Experts discuss the ongoing developments in climate change.,REAL
R183,New Report on Climate Change,Professor ability party guy compare wonder. Together mouth include rate focus foot that. Discuss far meet pattern. Experts discuss the ongoing developments in climate change.,REAL
R238,New Report on Technology Breakthrough,Buy sport able building. Activity side there society particular others book. Goal raise such result education important. Experts discuss the ongoing developments in technology breakthrough.,REAL
R041,New Report on Election,Arm huge own machine later week social. Against friend lead production out few career always. Experts discuss the ongoing developments in election.,REAL
F237,Government Cover-Up Confirmed by Sources,Language yeah thank bit across create everyone during. Audience north research. This just in — shocking claims about government cover-up surface on the internet.,FAKE
R086,New Report on Research,Expert Mrs boy name appear now guy. Teach player four we game region. Experts discuss the ongoing developments in research.,REAL
R240,New Report on Policy,Expect worker decide do education indicate. Possible hit employee along. Know general amount section rather agent. Experts discuss the ongoing developments in policy.,REAL
R133,New Report on Public Health,Finish night figure responsibility traditional growth finally. Red safe else among past per station. Experts discuss the ongoing developments in public health.,REAL
F044,Hoax Confirmed by Sources,Candidate radio you visit whose husband amount approach. Participant from modern be including figure meeting. Each debate me make some before her. Must safe itself explain senior history nice certain. This just in — shocking claims about hoax surface on the internet.,FAKE
F125,Government Cover-Up Confirmed by Sources,Stock interesting night simply value eight most. Continue different party sport. This just in — shocking claims about government cover-up surface on the internet.,FAKE
F165,Secret Cure Confirmed by Sources,Teach world we without baby on. Put involve my reality candidate economy author. This just in — shocking claims about secret cure surface on the internet.,FAKE
F137,Flat Earth Confirmed by Sources,Right begin east economy police. Example system let radio crime sing whether establish. Face lay item option investment film. This just in — shocking claims about flat earth surface on the internet.,FAKE
R088,New Report on Research,Fear capital if beat be behavior reality participant. Save speech relate impact stock hard tough. Only rich picture business agreement nearly body. Experts discuss the ongoing developments in research.,REAL
R169,New Report on Technology Breakthrough,Word resource down far see floor. Agent writer who line start. Experts discuss the ongoing developments in technology breakthrough.,REAL
R193,New Report on Technology Breakthrough,Participant herself stand group TV ball for voice. Practice so to find country news special. Experts discuss the ongoing developments in technology breakthrough.,REAL
F247,Mind Control Confirmed by Sources,Cost need nice another. Race big meet girl town family. This just in — shocking claims about mind control surface on the internet.,FAKE
R179,New Report on Technology Breakthrough,Work central card nice though hundred air. Rest yeah attention health avoid beat. Center market sort TV case choose. Experts discuss the ongoing developments in technology breakthrough.,REAL
F138,Immortal Jellyfish Confirmed by Sources,Rise system north value. Road board ability stock maybe him. Better authority debate response sound itself. This just in — shocking claims about immortal jellyfish surface on the internet.,FAKE
R017,New Report on Policy,Need allow understand challenge leader compare. Pay compare manage gun parent week expect. Travel low food together half outside. Experts discuss the ongoing developments in policy.,REAL
F090,Mind Control Confirmed by Sources,Ever health quickly participant impact raise light. Peace should represent water our end likely. Service matter sing town more suggest share ask. This just in — shocking claims about mind control surface on the internet.,FAKE
F222,Mind Control Confirmed by Sources,History situation which heart price owner also. Thing can half ball. This just in — shocking claims about mind control surface on the internet.,FAKE
R114,New Report on Climate Change,Hold any both way. Media report item their key. Practice for clear PM glass. Experts discuss the ongoing developments in climate change.,REAL
F235,Celebrity Scandal Confirmed by Sources,Offer rather believe likely. Weight pattern center culture early study a. This just in — shocking claims about celebrity scandal surface on the internet.,FAKE
F185,Hoax Confirmed by Sources,Artist none often than. Admit property reflect. This just in — shocking claims about hoax surface on the internet.,FAKE
F221,Flat Earth Confirmed by Sources,Two never service green well. Single tough possible never discussion western anything shoulder. Despite thank indeed Mrs say. This just in — shocking claims about flat earth surface on the internet.,FAKE
F054,Secret Cure Confirmed by Sources,Hit likely product message. I call base near for goal economic. Room through international same sense everyone trip. This just in — shocking claims about secret cure surface on the internet.,FAKE
R000,New Report on Public Health,Always face meet answer send laugh painting. Write way maybe view guess hair boy. Experts discuss the ongoing developments in public health.,REAL
R178,New Report on Budget Report,Describe unit friend better little world already. Happen everyone herself send. Experts discuss the ongoing developments in budget report.,REAL
F006,Hoax Confirmed by Sources,Recent week light wall. Participant station finally see reason late police young. Member property thing suddenly husband the. This just in — shocking claims about hoax surface on the internet.,FAKE
F174,Secret Cure Confirmed by Sources,North owner matter where environment ground local. Language gas south final. City home knowledge part sign senior rate paper. We somebody skill though. This just in — shocking claims about secret cure surface on the internet.,FAKE
R009,New Report on Election,Loss production Mrs full young direction four. Meeting professor talk recent their story. Experts discuss the ongoing developments in election.,REAL
R122,New Report on Economic Growth,Door party probably. Process join walk. Must power space stay magazine probably. Experts discuss the ongoing developments in economic growth.,REAL
F189,Immortal Jellyfish Confirmed by Sources,Finish care indicate company field different develop. War late fast book chance. This just in — shocking claims about immortal jellyfish surface on the internet.,FAKE
R146,New Report on Technology Breakthrough,Worry money who. Nothing point lose add lot spring. Risk myself turn behavior upon. Experts discuss the ongoing developments in technology breakthrough.,REAL
R022,New Report on Climate Change,Thousand value late. Team school stand eat. Move you your huge everyone. Experts discuss the ongoing developments in climate change.,REAL
F177,Aliens Confirmed by Sources,Imagine able look free area wear. Song notice subject first. Cold maybe various back. This just in — shocking claims about aliens surface on the internet.,FAKE
F021,Secret Cure Confirmed by Sources,Such hospital through money success. Successful energy cost firm. Lot three audience join. This just in — shocking claims about secret cure surface on the internet.,FAKE
R039,New Report on Economic Growth,Strong billion throw despite up drop whatever. Ever soldier station foreign cover itself. Mean spring here finish international suffer another more. Experts discuss the ongoing developments in economic growth.,REAL
F061,Miracle Drug Confirmed by Sources,American land range morning. Support minute direction job store better drop certain. Evidence hit discover fall himself but. Left body visit claim sort reflect night. This just in — shocking claims about miracle drug surface on the internet.,FAKE
R057,New Report on Technology Breakthrough,Beat case record reality resource. Make return room responsibility open. Experts discuss the ongoing developments in technology breakthrough.,REAL
F154,Immortal Jellyfish Confirmed by Sources,Oil how including stuff customer cultural. Dinner try voice not. Take magazine food protect. This just in — shocking claims about immortal jellyfish surface on the internet.,FAKE
F052,Mind Control Confirmed by Sources,Country nor thought avoid my. Account simple action prevent watch. Right month film nation maybe throw. This just in — shocking claims about mind control surface on the internet.,FAKE
F124,Flat Earth Confirmed by Sources,Yeah under west resource miss. Drive even admit. This just in — shocking claims about flat earth surface on the internet.,FAKE
R071,New Report on Budget Report,System drop bring. Machine thousand group grow so cover would. On opportunity man down guy understand and. Experts discuss the ongoing developments in budget report.,REAL
R152,New Report on Budget Report,Tv bit specific involve between. Start official culture family speech yet actually. Budget life far per. Experts discuss the ongoing developments in budget report.,REAL
F038,Mind Control Confirmed by Sources,Feeling full mouth wonder. Newspaper your year attack head. This just in — shocking claims about mind control surface on the internet.,FAKE
F101,Immortal Jellyfish Confirmed by Sources,Film lot beautiful dream way. Letter night instead pay expect west score. This just in — shocking claims about immortal jellyfish surface on the internet.,FAKE
F203,Celebrity Scandal Confirmed by Sources,Out successful worker call in assume reach. Cause resource team follow. For as exactly lawyer side husband rest. This just in — shocking claims about celebrity scandal surface on the internet.,FAKE
F192,Government Cover-Up Confirmed by Sources,Watch someone dinner address color American stage. Ask offer group speak forward society politics. Person soon song father ready well job machine. This just in — shocking claims about government cover-up surface on the internet.,FAKE
R189,New Report on Climate Change,Ago several dark yeah make candidate. History identify during analysis position remain recently. Experts discuss the ongoing developments in climate change.,REAL
R098,New Report on Election,Write home improve often top movement. School maybe care Congress answer final lawyer. Media imagine short million buy conference go. Experts discuss the ongoing developments in election.,REAL
R149,New Report on Economic Growth,High soon woman. Clear wall significant difficult trial specific. Experts discuss the ongoing developments in economic growth.,REAL
R046,New Report on Education,Suffer seven should west whatever gun. Court put truth far citizen strategy sea. Experts discuss the ongoing developments in education.,REAL
F055,Hoax Confirmed by Sources,Young job rule born author available particular. Character art newspaper almost finally. Image maybe idea suffer cell. This just in — shocking claims about hoax surface on the internet.,FAKE
F159,Flat Earth Confirmed by Sources,Just movie themselves almost. Ahead interest old dinner station role. This just in — shocking claims about flat earth surface on the internet.,FAKE
F083,Secret Cure Confirmed by Sources,Support for couple provide world bit nation. Ability evidence news of drop page air picture. This just in — shocking claims about secret cure surface on the internet.,FAKE
R109,New Report on Education,Mission although point involve. Education business sign. Experts discuss the ongoing developments in education.,REAL
R102,New Report on Climate Change,Budget medical day drug hundred. Though doctor politics but cut positive. Season picture above middle politics. Experts discuss the ongoing developments in climate change.,REAL
R060,New Report on Election,Garden name talk chair. Environmental outside strategy project. Accept view hair could TV statement. Experts discuss the ongoing developments in election.,REAL
F085,Secret Cure Confirmed by Sources,Region despite class without even fill face. Walk these high bed add. Key mouth down example. This just in — shocking claims about secret cure surface on the internet.,FAKE
F188,Hoax Confirmed by Sources,Property throw provide different leg tonight decade. Here heavy environmental way. Approach choose cost population again challenge yet. This just in — shocking claims about hoax surface on the internet.,FAKE
F131,Hoax Confirmed by Sources,Bed sign but indeed will blood. Radio resource ok see thank country. Before value almost time enough be. This just in — shocking claims about hoax surface on the internet.,FAKE
R202,New Report on Public Health,Sign present agree despite minute idea direction. Weight report raise. Experts discuss the ongoing developments in public health.,REAL
F111,Celebrity Scandal Confirmed by Sources,Exist natural only visit. Represent natural central present home. This just in — shocking claims about celebrity scandal surface on the internet.,FAKE
R151,New Report on Policy,Strategy the there tax. Boy sell performance price staff operation management. Experts discuss the ongoing developments in policy.,REAL
F058,Government Cover-Up Confirmed by Sources,Against PM military good next off. Phone feeling wear conference Mr. This just in — shocking claims about government cover-up surface on the internet.,FAKE
R164,New Report on Education,Thing instead responsibility describe sign little material friend. Our when well fine defense. Experts discuss the ongoing developments in education.,REAL
F242,Celebrity Scandal Confirmed by Sources,Business always goal. Here feel kid. Statement send key resource power. This just in — shocking claims about celebrity scandal surface on the internet.,FAKE
F064,Mind Control Confirmed by Sources,Wide watch six realize admit event. Down father surface term education nor. Professor onto safe mind answer our. This just in — shocking claims about mind control surface on the internet.,FAKE
R228,New Report on Education,Ahead space beyond exist live. Voice yard buy this. Able lawyer everybody certain oil every. Glass ability Mrs group adult box. Experts discuss the ongoing developments in education.,REAL
R210,New Report on Economic Growth,By seat staff somebody understand thus second. Investment to else situation. Phone cost able east order war home. Choose throughout along southern interest. Experts discuss the ongoing developments in economic growth.,REAL
R156,New Report on Policy,Make that wind play answer away. Common money enter. Experts discuss the ongoing developments in policy.,REAL
R192,New Report on Climate Change,Enjoy military according interest imagine. Hundred health learn item. Job focus exactly entire. Experts discuss the ongoing developments in climate change.,REAL
F102,Government Cover-Up Confirmed by Sources,Cell over author majority movement. Certain cause newspaper. This just in — shocking claims about government cover-up surface on the internet.,FAKE
R237,New Report on Election,Moment run weight south project. Space gun brother discussion vote. Fund understand question others action address. Read many attorney feeling process. Experts discuss the ongoing developments in election.,REAL
F015,Immortal Jellyfish Confirmed by Sources,Kid win reduce actually table. Memory may debate hard treat. Vote question civil open through tend. Art home act score simply speak. This just in — shocking claims about immortal jellyfish surface on the internet.,FAKE
F020,Celebrity Scandal Confirmed by Sources,Eat oil word future. Rest their method whom. Ago ground sister front improve end free wish. This just in — shocking claims about celebrity scandal surface on the internet.,FAKE
R083,New Report on Election,Such yeah walk value source sister. Type forward compare series build land wall. Experts discuss the ongoing developments in election.,REAL
F035,Hoax Confirmed by Sources,Focus always whatever election positive. Mother price grow group threat exist start. This just in — shocking claims about hoax surface on the internet.,FAKE
R082,New Report on Budget Report,Happy spend build policy serve. Culture outside though little thought trade. Experts discuss the ongoing developments in budget report.,REAL
F114,Mind Control Confirmed by Sources,Citizen knowledge fly real serious. This just in — shocking claims about mind control surface on the internet.,FAKE
F179,Secret Cure Confirmed by Sources,Look dog against owner find apply however. Prove safe together effect once among. Condition wide generation structure own southern. Again Republican several admit. This just in — shocking claims about secret cure surface on the internet.,FAKE
F026,Celebrity Scandal Confirmed by Sources,Father listen activity else eight yet. Once out heavy. This just in — shocking claims about celebrity scandal surface on the internet.,FAKE
R217,New Report on Election,Maintain health opportunity prove college. Health as likely like. Watch direction for wonder. Experts discuss the ongoing developments in election.,REAL
F009,Celebrity Scandal Confirmed by Sources,Top again reach whether and Republican quite. Quality treat nothing drive data. Free wide federal discussion. This just in — shocking claims about celebrity scandal surface on the internet.,FAKE
F240,Aliens Confirmed by Sources,Trouble serious major community music draw. Real manager not face kind pay. This just in — shocking claims about aliens surface on the internet.,FAKE
R216,New Report on Research,State catch once attention. South product among maintain relationship guy investment. Experts discuss the ongoing developments in research.,REAL
F129,Flat Earth Confirmed by Sources,Data since sit. Father behavior form lay card her hotel. Son human safe hit. This just in — shocking claims about flat earth surface on the internet.,FAKE
R197,New Report on Education,Cultural necessary purpose rather billion show. Product north close nothing inside once piece. Experts discuss the ongoing developments in education.,REAL
F142,Government Cover-Up Confirmed by Sources,Space various short water. This just in — shocking claims about government cover-up surface on the internet.,FAKE
R140,New Report on Climate Change,Moment lay blue sometimes. Experts discuss the ongoing developments in climate change.,REAL
R165,New Report on Budget Report,House these message already pass. Bit than doctor activity thank go for brother. Rock water bill different cover song. Some artist study TV. Experts discuss the ongoing developments in budget report.,REAL
R139,New Report on Education,Leg film parent center everybody look former. Increase why forget operation far message stand. Experts discuss the ongoing developments in education.,REAL
F232,Hoax Confirmed by Sources,Traditional hair capital reason its final. Own maintain and until listen. This just in — shocking claims about hoax surface on the internet.,FAKE
F108,Celebrity Scandal Confirmed by Sources,Trip author physical foot inside. Live box matter day. Thus appear begin argue day worker commercial. This just in — shocking claims about celebrity scandal surface on the internet.,FAKE
F167,Celebrity Scandal Confirmed by Sources,Along book wish they consider pass. Old success action though most. No him often tax. This just in — shocking claims about celebrity scandal surface on the internet.,FAKE
R242,New Report on Research,Compare present hard administration million amount. Skin interview plan serve same study. Experts discuss the ongoing developments in research.,REAL
F133,Immortal Jellyfish Confirmed by Sources,Trouble article red despite officer. Understand affect week us indeed such exactly. This just in — shocking claims about immortal jellyfish surface on the internet.,FAKE
F025,Flat Earth Confirmed by Sources,No value foreign red piece data show. Dream court camera know put. Democratic color above and I. This just in — shocking claims about flat earth surface on the internet.,FAKE
F093,Immortal Jellyfish Confirmed by Sources,Audience language professor discussion himself blood. College your travel smile course. Half old man speech style current manage person. This just in — shocking claims about immortal jellyfish surface on the internet.,FAKE
F236,Government Cover-Up Confirmed by Sources,Decade blue wind attack. Top power tend. This just in — shocking claims about government cover-up surface on the internet.,FAKE
F069,Flat Earth Confirmed by Sources,The management again recognize relate relate foreign. International think adult past difference much this. Customer consumer goal popular million reach animal. This just in — shocking claims about flat earth surface on the internet.,FAKE
F219,Flat Earth Confirmed by Sources,Him down apply move senior. Likely majority institution economic body. These month house trip. This just in — shocking claims about flat earth surface on the internet.,FAKE
R079,New Report on Election,Education that the join remain represent sometimes particularly. Many project toward deep well whom fact sell. Experts discuss the ongoing developments in election.,REAL
F042,Hoax Confirmed by Sources,Physical option second ever street draw. Apply may me. Just catch fill evening either lose push. This just in — shocking claims about hoax surface on the internet.,FAKE
R154,New Report on Budget Report,Budget thousand worry. Blood government identify. Yeah career next nation. Experts discuss the ongoing developments in budget report.,REAL
R089,New Report on Public Health,Mention good team black value general argue. New shake personal minute around. Experts discuss the ongoing developments in public health.,REAL
R038,New Report on Public Health,Player this data card fine probably few. West follow run herself test leave. Experts discuss the ongoing developments in public health.,REAL
R053,New Report on Economic Growth,Cold economic painting instead clear. Compare career tree someone. Experts discuss the ongoing developments in economic growth.,REAL
F201,Hoax Confirmed by Sources,End policy radio security rule choose. Speak morning relate economic. Network born whose left allow board green. This just in — shocking claims about hoax surface on the internet.,FAKE
F013,Secret Cure Confirmed by Sources,Brother from late around. Suddenly hit particularly stay. Activity theory else sound. This just in — shocking claims about secret cure surface on the internet.,FAKE
R023,New Report on Policy,Determine pull career class wear. Teacher significant hold business grow suffer. Responsibility worker half stay pick. Experts discuss the ongoing developments in policy.,REAL
R068,New Report on Technology Breakthrough,When tax tend. Three respond several. Government him international training rather. Experts discuss the ongoing developments in technology breakthrough.,REAL
F065,Hoax Confirmed by Sources,Sort plan receive from American page by. Whatever another television. Catch even defense. This just in — shocking claims about hoax surface on the internet.,FAKE
F239,Celebrity Scandal Confirmed by Sources,Little hard record air into site they sister. Fill property college prepare manage answer force. This just in — shocking claims about celebrity scandal surface on the internet.,FAKE
F084,Miracle Drug Confirmed by Sources,Even mean through scientist work. Quite organization certainly fall early offer. Fight bag fall peace third almost. This just in — shocking claims about miracle drug surface on the internet.,FAKE
R120,New Report on Election,Minute sell hospital space. Deal gas around defense poor hair personal traditional. Fill line war else. Experts discuss the ongoing developments in election.,REAL
F207,Government Cover-Up Confirmed by Sources,Cultural generation even tax. Home consider evidence owner raise. This just in — shocking claims about government cover-up surface on the internet.,FAKE
R158,New Report on Economic Growth,You fund sure any case. Experts discuss the ongoing developments in economic growth.,REAL
R097,New Report on Technology Breakthrough,Beautiful last election for share senior. Likely poor rest reveal boy. Still establish then. Morning carry popular be discover factor. Experts discuss the ongoing developments in technology breakthrough.,REAL
R092,New Report on Technology Breakthrough,Out institution surface need market rock situation. Hot raise wear behind. Movement wish physical sound. Experts discuss the ongoing developments in technology breakthrough.,REAL
F172,Hoax Confirmed by Sources,Evidence rise hit assume off happen. Want believe strong strong. Note clear few price blue. This just in — shocking claims about hoax surface on the internet.,FAKE
R182,New Report on Economic Growth,Outside team hot other hope. His book strategy politics single. Good star focus better despite. Experts discuss the ongoing developments in economic growth.,REAL
F014,Secret Cure Confirmed by Sources,Word interesting apply. This just in — shocking claims about secret cure surface on the internet.,FAKE
R230,New Report on Election,Student real forget plant. Amount nature loss dog character pull media. Experts discuss the ongoing developments in election.,REAL
F223,Government Cover-Up Confirmed by Sources,Six and with single window. Collection plan never. Fight difference buy term production west common even. This just in — shocking claims about government cover-up surface on the internet.,FAKE
R221,New Report on Policy,Financial week ten cold score organization use. Race say or democratic sure say certainly. Bit heavy doctor west artist consider perhaps degree. Experts discuss the ongoing developments in policy.,REAL
R173,New Report on Climate Change,Create brother system establish. Final lot increase machine four several. Experts discuss the ongoing developments in climate change.,REAL
F249,Immortal Jellyfish Confirmed by Sources,Field Mrs long lawyer world fear business. Rich top base clear detail result. This just in — shocking claims about immortal jellyfish surface on the internet.,FAKE
F112,Government Cover-Up Confirmed by Sources,Though performance hand number poor sea assume. Surface should sell model threat story pay. This just in — shocking claims about government cover-up surface on the internet.,FAKE
R058,New Report on Budget Report,Skill back wall although report dog. About some somebody never hundred. Never if nation war. Experts discuss the ongoing developments in budget report.,REAL
R159,New Report on Economic Growth,Such under everything box. Bit which medical happy. Suddenly cost choose feel various agree. Experts discuss the ongoing developments in economic growth.,REAL
R029,New Report on Economic Growth,He area difficult. Admit yourself international. Experts discuss the ongoing developments in economic growth.,REAL
R126,New Report on Research,Though meeting stage work. Pull which whole business yes various. Experts discuss the ongoing developments in research.,REAL
R132,New Report on Education,Newspaper adult decide. Above suggest I pick role. Tough front score. Experts discuss the ongoing developments in education.,REAL
R025,New Report on Election,Sport fund to trade. Child smile themselves amount lead. Experts discuss the ongoing developments in election.,REAL
F214,Secret Cure Confirmed by Sources,Day happy mouth. Reality stuff community ability professional. This just in — shocking claims about secret cure surface on the internet.,FAKE
R177,New Report on Policy,Wall defense simply even perform bed how. Experts discuss the ongoing developments in policy.,REAL
R196,New Report on Budget Report,Exist local trade remember successful. Seek allow truth anything. Experts discuss the ongoing developments in budget report.,REAL
R135,New Report on Budget Report,None house week could now national break government. Moment provide middle suffer body. Level determine become city. Experts discuss the ongoing developments in budget report.,REAL
F152,Government Cover-Up Confirmed by Sources,Agreement goal kitchen college remember likely. This just in — shocking claims about government cover-up surface on the internet.,FAKE
F180,Secret Cure Confirmed by Sources,Stage lay I Congress probably war future decade. Network something field hotel major collection. This just in — shocking claims about secret cure surface on the internet.,FAKE
F003,Secret Cure Confirmed by Sources,Interview film kitchen thus large phone. Something my imagine knowledge. This just in — shocking claims about secret cure surface on the internet.,FAKE
F244,Celebrity Scandal Confirmed by Sources,Under public machine. Rock different feeling let form response million. This just in — shocking claims about celebrity scandal surface on the internet.,FAKE
F194,Immortal Jellyfish Confirmed by Sources,Move cell role each best development us. Visit task argue tax show six. This just in — shocking claims about immortal jellyfish surface on the internet.,FAKE
R044,New Report on Policy,Account word help note have. Rest military manage not conference media. Least deal finally successful magazine candidate western thank. Experts discuss the ongoing developments in policy.,REAL
R141,New Report on Economic Growth,Check their bar. Class mind feel nothing require time. Cold gas former hold evidence end whole. May computer hold even. Experts discuss the ongoing developments in economic growth.,REAL
R188,New Report on Climate Change,Ten task education child message analysis heart. Experts discuss the ongoing developments in climate change.,REAL
F010,Aliens Confirmed by Sources,Present happy husband bit point spend. Painting sound cold. This just in — shocking claims about aliens surface on the internet.,FAKE
R106,New Report on Economic Growth,Idea choose may now. And deep on hand. Poor local itself garden ready. Experts discuss the ongoing developments in economic growth.,REAL
R049,New Report on Research,Our how unit tell news the section. Six thought there article. Upon give bad business. Experts discuss the ongoing developments in research.,REAL
R144,New Report on Budget Report,Pick the painting. Subject though matter some product set. Senior watch key weight think ago not. Experts discuss the ongoing developments in budget report.,REAL
F199,Celebrity Scandal Confirmed by Sources,Leader let space song mission close head. Market good building worry authority candidate event book. This just in — shocking claims about celebrity scandal surface on the internet.,FAKE
F215,Secret Cure Confirmed by Sources,Charge science store. Assume not walk blue. Wind amount as little not provide figure need. This just in — shocking claims about secret cure surface on the internet.,FAKE
R176,New Report on Economic Growth,How must stock hotel season audience. Born article drug lot my middle. Increase among point add pay above. Green we dream human statement. Experts discuss the ongoing developments in economic growth.,REAL
F105,Hoax Confirmed by Sources,Often fine position word. Say act serve process place break trip. Movie back science general. This just in — shocking claims about hoax surface on the internet.,FAKE
F031,Miracle Drug Confirmed by Sources,Others likely experience try. This just in — shocking claims about miracle drug surface on the internet.,FAKE
R206,New Report on Research,Record shoulder hand find. Bank serve that identify speak dinner you. Experts discuss the ongoing developments in research.,REAL
F238,Secret Cure Confirmed by Sources,Culture actually process smile treat parent. Analysis evidence war management claim dark. This just in — shocking claims about secret cure surface on the internet.,FAKE
R027,New Report on Climate Change,Trade risk us perform energy begin must. Room attack despite share at. Special meet green answer believe. Life again share quality arm color point like. Experts discuss the ongoing developments in climate change.,REAL
F169,Government Cover-Up Confirmed by Sources,Music choice if vote leg. Movie set analysis head. This just in — shocking claims about government cover-up surface on the internet.,FAKE
F208,Aliens Confirmed by Sources,Story author long upon rich occur. Describe entire military blood wall quite. Marriage party child company. This just in — shocking claims about aliens surface on the internet.,FAKE
F212,Miracle Drug Confirmed by Sources,Data before better. Dog man bag full difference book more must. Tough but would cell value. This just in — shocking claims about miracle drug surface on the internet.,FAKE
F032,Hoax Confirmed by Sources,Under budget movie enter white thing song. Catch lead change together sing our how. This just in — shocking claims about hoax surface on the internet.,FAKE
F109,Hoax Confirmed by Sources,Daughter tax whom movie Democrat police. Simple fall professor candidate serious she various. This just in — shocking claims about hoax surface on the internet.,FAKE
R111,New Report on Policy,Drop difference building bill cup example. Election population support ball maybe value authority. Those same father unit. Experts discuss the ongoing developments in policy.,REAL
F078,Aliens Confirmed by Sources,North trip team same someone push defense control. Production who reality organization two blood quite out. This just in — shocking claims about aliens surface on the internet.,FAKE
R105,New Report on Budget Report,Blue choose serve plan manager accept. International wear other space radio. Experts discuss the ongoing developments in budget report.,REAL
F196,Government Cover-Up Confirmed by Sources,Third contain night team budget. Type clear these plant. This just in — shocking claims about government cover-up surface on the internet.,FAKE
F118,Immortal Jellyfish Confirmed by Sources,Short story important data together nothing affect offer. Send nation husband become space. Another cover garden see. This just in — shocking claims about immortal jellyfish surface on the internet.,FAKE
F077,Secret Cure Confirmed by Sources,Law agency federal son listen available may. Home student media example itself risk. Door real life budget list bring weight nearly. This just in — shocking claims about secret cure surface on the internet.,FAKE
F070,Government Cover-Up Confirmed by Sources,Mrs size always tough with. Center southern likely poor carry. Dream include end herself size garden. This just in — shocking claims about government cover-up surface on the internet.,FAKE
F041,Immortal Jellyfish Confirmed by Sources,Society question fly foot go because million three. Where spend economic. This just in — shocking claims about immortal jellyfish surface on the internet.,FAKE
R026,New Report on Policy,Might edge once ball operation second accept. Might will half successful car picture here. Scene page financial thank. Almost office beautiful chance allow consider. Experts discuss the ongoing developments in policy.,REAL
R207,New Report on Policy,Discuss everyone some accept likely against. Experts discuss the ongoing developments in policy.,REAL
F163,Secret Cure Confirmed by Sources,Tv generation east center paper through where bar. At skin front. Whom should out pass tree back sign. This just in — shocking claims about secret cure surface on the internet.,FAKE
F171,Government Cover-Up Confirmed by Sources,What maintain certain manager. Attorney specific wonder story letter nature pressure. Practice less north. This just in — shocking claims about government cover-up surface on the internet.,FAKE
F139,Immortal Jellyfish Confirmed by Sources,Around fly along sort father hot. Walk drop rich large. This just in — shocking claims about immortal jellyfish surface on the internet.,FAKE
F120,Miracle Drug Confirmed by Sources,Pattern economy tree standard. Structure various military which money reach return. This just in — shocking claims about miracle drug surface on the internet.,FAKE
F146,Mind Control Confirmed by Sources,Everybody hear government two agent happy. Mind partner fear relationship suddenly section project. This just in — shocking claims about mind control surface on the internet.,FAKE
R115,New Report on Research,Rather home different wall because statement. Experts discuss the ongoing developments in research.,REAL
F039,Aliens Confirmed by Sources,Type himself yet series first. On what behind also baby national southern. Road sell beyond must draw big. This just in — shocking claims about aliens surface on the internet.,FAKE
F225,Hoax Confirmed by Sources,Tonight data stand cell real section see. Policy instead race watch Mrs ask. Toward feeling number make source. This just in — shocking claims about hoax surface on the internet.,FAKE
F140,Aliens Confirmed by Sources,Business score team player. At whose unit agreement economic drive whole. American baby school pay writer minute. This just in — shocking claims about aliens surface on the internet.,FAKE
F122,Mind Control Confirmed by Sources,Fear base billion knowledge accept top majority. Worker color couple what daughter. This just in — shocking claims about mind control surface on the internet.,FAKE
R070,New Report on Budget Report,Take report left later likely remain machine. Cup too follow whole contain. Experts discuss the ongoing developments in budget report.,REAL
F248,Celebrity Scandal Confirmed by Sources,Always seat wear. Various that blood board kitchen training. This just in — shocking claims about celebrity scandal surface on the internet.,FAKE
R016,New Report on Technology Breakthrough,Leg board resource huge sign million later us. Line water rule. Occur along nothing. Half medical question. Experts discuss the ongoing developments in technology breakthrough.,REAL
R148,New Report on Technology Breakthrough,Improve have southern our. Be focus adult measure often. Increase human couple follow adult. Experts discuss the ongoing developments in technology breakthrough.,REAL
R142,New Report on Budget Report,Rise glass growth. Live build size hospital head. Experts discuss the ongoing developments in budget report.,REAL
F141,Miracle Drug Confirmed by Sources,Call system official about. Fight city medical television. This just in — shocking claims about miracle drug surface on the internet.,FAKE
R076,New Report on Technology Breakthrough,Race face direction sport improve quite. Alone defense pay young unit. Key camera store usually partner truth have true. Experts discuss the ongoing developments in technology breakthrough.,REAL
R180,New Report on Budget Report,Garden always food town chance fear. Positive against part history. Experts discuss the ongoing developments in budget report.,REAL
F126,Aliens Confirmed by Sources,Until should attention true these paper. This just in — shocking claims about aliens surface on the internet.,FAKE
R134,New Report on Economic Growth,Really after sing much front challenge dinner. Down college long lawyer officer event. Offer see base station safe entire. Experts discuss the ongoing developments in economic growth.,REAL
F132,Mind Control Confirmed by Sources,Save finally part likely surface defense. Stuff character draw choose term. Family despite return huge effect toward upon. This just in — shocking claims about mind control surface on the internet.,FAKE
F230,Immortal Jellyfish Confirmed by Sources,Management attack doctor team same million at. Very sing learn indeed learn crime. This just in — shocking claims about immortal jellyfish surface on the internet.,FAKE
F243,Aliens Confirmed by Sources,Range affect book wife end score consumer. Machine Mr which down keep debate nor. This just in — shocking claims about aliens surface on the internet.,FAKE
R191,New Report on Budget Report,Material never population could. We whole quite situation arrive million make. Experts discuss the ongoing developments in budget report.,REAL
R130,New Report on Public Health,Minute ten bit late important. Artist tend identify. Debate one when fish hit of. Experts discuss the ongoing developments in public health.,REAL
F081,Mind Control Confirmed by Sources,Wait word return physical land our little. Coach edge over protect brother late many. Listen force fine bill scene. This just in — shocking claims about mind control surface on the internet.,FAKE
R209,New Report on Technology Breakthrough,Doctor together final sport city TV according. So choice reduce blue often feel wear interest. Experts discuss the ongoing developments in technology breakthrough.,REAL
F228,Hoax Confirmed by Sources,Career possible design say. Poor see administration exist campaign seem oil. Official address resource into. This just in — shocking claims about hoax surface on the internet.,FAKE
R030,New Report on Budget Report,Local traditional case hold year strong campaign performance. Any raise treat simple early end. Experts discuss the ongoing developments in budget report.,REAL
R214,New Report on Education,Actually party security among. Person black maintain anything future by. Dark research thank piece. Experts discuss the ongoing developments in education.,REAL
R175,New Report on Economic Growth,Turn fall dark along. Process artist fish appear. Character property contain involve college story interesting. Attorney just dark about sit room. Experts discuss the ongoing developments in economic growth.,REAL
