id,title,filtered_words,label
R129,New Report on Election,safe size event cause impact less. computer care computer eye order evening. window relate investment worry event. experts discuss ongoing developments election.,REAL
R227,New Report on Climate Change,usually decide result apply national. cause education wife piece interview former when. enough change light arrive difficult. experts discuss ongoing developments climate change.,REAL
F231,Aliens Confirmed by Sources,thank deep cultural face amount. soon thought amount real letter. trouble perhaps husband report husband. — shocking claims aliens surface internet.,FAKE
R066,New Report on Policy,piece manager left maybe. everybody likely age drop size. student assume seat move. experts discuss ongoing developments policy.,REAL
F095,Mind Control Confirmed by Sources,glass stuff run like economic stock evening drop. add necessary civil stop bill table. — shocking claims mind control surface internet.,FAKE
R174,New Report on Policy,speak song necessary. police report size leg direction result customer. hear yes very. experts discuss ongoing developments policy.,REAL
R201,New Report on Public Health,report opportunity left result. matter success a. many around go identify edge only. something miss society seat science. experts discuss ongoing developments public health.,REAL
R072,New Report on Education,month hit participant whether economy. hot decide side report. tax weight step production only. experts discuss ongoing developments education.,REAL
R064,New Report on Research,responsibility fire customer already quickly. door administration law. law support reach official use moment. experts discuss ongoing developments research.,REAL
F037,Miracle Drug Confirmed by Sources,area high tree even mother. trouble production follow mr whose two adult daughter. business mrs collection personal air. — shocking claims miracle drug surface internet.,FAKE
R170,New Report on Technology Breakthrough,world prevent together seat by. manager loss sea since break. foreign off. experts discuss ongoing developments technology breakthrough.,REAL
F110,Celebrity Scandal Confirmed by Sources,training daughter inside receive front evening item kid. — shocking claims celebrity scandal surface internet.,FAKE
F048,Secret Cure Confirmed by Sources,beyond dream prove music. care report common debate anything maintain rise. — shocking claims secret cure surface internet.,FAKE
F082,Hoax Confirmed by Sources,spend trial series stay much pick dinner. military stage assume always others free. true human military cost pattern consumer. — shocking claims hoax surface internet.,FAKE
F187,Miracle Drug Confirmed by Sources,every happy size treatment second production drug. skin air indeed kid happen fish. — shocking claims miracle drug surface internet.,FAKE
F027,Miracle Drug Confirmed by Sources,lose throw drop among level support here. hold economic continue street across. significant fill coach five choose improve. — shocking claims miracle drug surface internet.,FAKE
F202,Hoax Confirmed by Sources,away true. necessary describe great middle mr nearly. — shocking claims hoax surface internet.,FAKE
F197,Secret Cure Confirmed by Sources,simply free meet door enough enjoy themselves. democratic wait our. — shocking claims secret cure surface internet.,FAKE
R128,New Report on Climate Change,yet nothing rise visit development. coach imagine bed religious reason. sell oil today exactly. experts discuss ongoing developments climate change.,REAL
F157,Government Cover-Up Confirmed by Sources,republican hit group brother. indicate industry per strong bar bed home. — shocking claims government cover-up surface internet.,FAKE
F117,Hoax Confirmed by Sources,discuss health week step. even professional market school need although. — shocking claims hoax surface internet.,FAKE
F173,Secret Cure Confirmed by Sources,indeed major investment school group best. significant draw professional area notice. reality black attack. — shocking claims secret cure surface internet.,FAKE
F024,Aliens Confirmed by Sources,training institution style. technology court ahead huge strategy director. — shocking claims aliens surface internet.,FAKE
F096,Celebrity Scandal Confirmed by Sources,realize former determine simple whether. second true social child individual travel. — shocking claims celebrity scandal surface internet.,FAKE
R247,New Report on Public Health,travel without add. total cause current add sell five seven. eat subject better attorney chance recognize. experts discuss ongoing developments public health.,REAL
F226,Government Cover-Up Confirmed by Sources,kid together discuss of. — shocking claims government cover-up surface internet.,FAKE
F100,Flat Earth Confirmed by Sources,building beyond finish clear commercial big. cost change case until. — shocking claims flat earth surface internet.,FAKE
F246,Government Cover-Up Confirmed by Sources,choose carry prevent federal job. almost draw run themselves. industry better child police force. — shocking claims government cover-up surface internet.,FAKE
F183,Aliens Confirmed by Sources,brother away culture explain all. interesting loss address. — shocking claims aliens surface internet.,FAKE
R063,New Report on Policy,put agent space. page look size anyone born. operation indicate job miss family. experts discuss ongoing developments policy.,REAL
R005,New Report on Election,history today drug hot year head. use alone well affect provide suggest player. race despite executive wind. experts discuss ongoing developments election.,REAL
R084,New Report on Election,white interest science dog amount clear plan. crime return treat source even american state my. peace candidate glass administration change agree. high ago believe subject. experts discuss ongoing developments election.,REAL
R124,New Report on Education,kid long draw view home outside live free. understand writer thought car degree rather give something. experts discuss ongoing developments education.,REAL
R118,New Report on Research,glass page. nature similar go church. experts discuss ongoing developments research.,REAL
F001,Aliens Confirmed by Sources,place make risk blood use cause. wife despite agree sometimes fall. — shocking claims aliens surface internet.,FAKE
F007,Immortal Jellyfish Confirmed by Sources,threat dinner guy study see necessary could. growth teacher organization southern pretty perform particularly. — shocking claims immortal jellyfish surface internet.,FAKE
F046,Mind Control Confirmed by Sources,recent police modern make product. main discover remain cause near. — shocking claims mind control surface internet.,FAKE
R103,New Report on Research,best partner interest financial republican future. movement contain tough walk. experts discuss ongoing developments research.,REAL
R037,New Report on Budget Report,section cut us. third offer bill memory condition economic. experts discuss ongoing developments budget report.,REAL
F193,Secret Cure Confirmed by Sources,subject yet provide throughout. floor station theory process. add side soon food film. — shocking claims secret cure surface internet.,FAKE
R166,New Report on Election,north away skin thank data hair. adult receive thought computer talk foot. experts discuss ongoing developments election.,REAL
F017,Immortal Jellyfish Confirmed by Sources,risk watch someone. north feeling job child beat. sometimes stay thus. system author current. — shocking claims immortal jellyfish surface internet.,FAKE
R008,New Report on Economic Growth,letter head increase arrive process. daughter give civil feel voice walk. experts discuss ongoing developments economic growth.,REAL
F071,Celebrity Scandal Confirmed by Sources,conference brother build describe year teacher. seat talk catch song individual article. — shocking claims celebrity scandal surface internet.,FAKE
F028,Mind Control Confirmed by Sources,business force activity. hand everybody owner ever fund benefit personal. million stage maybe woman table agreement spring total. — shocking claims mind control surface internet.,FAKE
F227,Immortal Jellyfish Confirmed by Sources,explain usually idea way worry true hospital. national reason hold fast offer surface and. take first sport upon born. — shocking claims immortal jellyfish surface internet.,FAKE
R200,New Report on Public Health,six point clearly bill letter. simple summer across chair contain catch. modern smile fly local. exactly oil anyone more. experts discuss ongoing developments public health.,REAL
R225,New Report on Climate Change,respond possible buy herself. song particularly trouble police coach west. take five remember mother season. whose continue response determine father safe environmental sister. experts discuss ongoing developments climate change.,REAL
R062,New Report on Budget Report,money project soldier discover. election run give. worry bit rule nice himself. relate example quickly back let. experts discuss ongoing developments budget report.,REAL
F033,Hoax Confirmed by Sources,technology ball participant. card finish might agree room seem. — shocking claims hoax surface internet.,FAKE
F012,Hoax Confirmed by Sources,physical check network body. — shocking claims hoax surface internet.,FAKE
R121,New Report on Research,weight role participant opportunity surface. later government finally personal save into. experts discuss ongoing developments research.,REAL
F210,Aliens Confirmed by Sources,international successful little collection prove. perhaps reason add week everything light even. — shocking claims aliens surface internet.,FAKE
F151,Hoax Confirmed by Sources,paper group near business wish while. point perhaps meeting away program. — shocking claims hoax surface internet.,FAKE
F099,Secret Cure Confirmed by Sources,store expect culture. news wind sport father impact huge. — shocking claims secret cure surface internet.,FAKE
R090,New Report on Technology Breakthrough,professional shake visit establish year debate. glass behavior product operation deep. experts discuss ongoing developments technology breakthrough.,REAL
R125,New Report on Budget Report,central real water stay democrat. idea director none amount small adult. experts discuss ongoing developments budget report.,REAL
R091,New Report on Climate Change,goal near country yet every standard. certain available risk half. cover nation able. experts discuss ongoing developments climate change.,REAL
R157,New Report on Climate Change,finally western land loss. serve decade father nation. program west system method morning line. experts discuss ongoing developments climate change.,REAL
F098,Miracle Drug Confirmed by Sources,point high. indeed reach nice experience. parent specific item certainly seat. — shocking claims miracle drug surface internet.,FAKE
F164,Immortal Jellyfish Confirmed by Sources,early source star interesting kitchen scene. produce kitchen smile poor participant story. something eight night law today western term. sister argue easy real fly unit worker find. — shocking claims immortal jellyfish surface internet.,FAKE
R050,New Report on Economic Growth,pass air see. similar thought surface couple tend house wind. dog leg republican manage can. experts discuss ongoing developments economic growth.,REAL
R249,New Report on Climate Change,much eight group forward us. force play size support bad program. experts discuss ongoing developments climate change.,REAL
R093,New Report on Election,office. talk without usually bank necessary special particularly himself. cell camera million seven total. experts discuss ongoing developments election.,REAL
R131,New Report on Education,face travel popular assume camera read. material million sort tax service. experts discuss ongoing developments education.,REAL
F107,Flat Earth Confirmed by Sources,resource anything want receive business scientist particularly. five son someone series. — shocking claims flat earth surface internet.,FAKE
F153,Hoax Confirmed by Sources,gun country mrs. put central model finish. — shocking claims hoax surface internet.,FAKE
F091,Flat Earth Confirmed by Sources,tell standard. type bring strategy. politics young despite executive. — shocking claims flat earth surface internet.,FAKE
R246,New Report on Economic Growth,husband north guy hope hotel. sense protect reflect commercial. experts discuss ongoing developments economic growth.,REAL
F004,Secret Cure Confirmed by Sources,respond focus discussion subject make. drug right. — shocking claims secret cure surface internet.,FAKE
F220,Celebrity Scandal Confirmed by Sources,sense floor need fund next treat. action billion. — shocking claims celebrity scandal surface internet.,FAKE
F121,Hoax Confirmed by Sources,size food seem oil sense three. — shocking claims hoax surface internet.,FAKE
F245,Mind Control Confirmed by Sources,indeed move imagine woman issue american. director citizen serve near stay range both. seven buy popular. — shocking claims mind control surface internet.,FAKE
R035,New Report on Climate Change,garden cup bring build discussion drop. space reality west offer and. approach attorney girl store shake. experts discuss ongoing developments climate change.,REAL
R024,New Report on Education,new benefit respond well ever east. buy state board radio card color. experts discuss ongoing developments education.,REAL
F079,Miracle Drug Confirmed by Sources,control figure artist maintain pretty. coach technology wide civil republican. — shocking claims miracle drug surface internet.,FAKE
R094,New Report on Policy,fill think lead. southern commercial image purpose base teach voice. single. experts discuss ongoing developments policy.,REAL
R040,New Report on Policy,early center set factor see. experts discuss ongoing developments policy.,REAL
F170,Immortal Jellyfish Confirmed by Sources,test participant become deal yet. owner month nature arm. — shocking claims immortal jellyfish surface internet.,FAKE
F130,Immortal Jellyfish Confirmed by Sources,perhaps even either. major really could. alone idea member wish type business. concern toward seek fear likely watch worry. — shocking claims immortal jellyfish surface internet.,FAKE
R085,New Report on Economic Growth,anything bad prevent certain. little employee marriage sometimes back first. experts discuss ongoing developments economic growth.,REAL
R054,New Report on Budget Report,present show article cup important concern over. experts discuss ongoing developments budget report.,REAL
R047,New Report on Technology Breakthrough,together successful everything issue police. professional machine another staff great say weight. experts discuss ongoing developments technology breakthrough.,REAL
R199,New Report on Economic Growth,necessary professional quickly kitchen wish heart health. hard night mother site base. experts discuss ongoing developments economic growth.,REAL
F062,Miracle Drug Confirmed by Sources,fire point final black people structure save turn. summer rest north brother. — shocking claims miracle drug surface internet.,FAKE
R244,New Report on Technology Breakthrough,ahead husband painting. beat garden buy box. experts discuss ongoing developments technology breakthrough.,REAL
R107,New Report on Election,little option raise rate listen. difficult decade type tree pm. send film last discussion cover line. establish even property world often. experts discuss ongoing developments election.,REAL
F148,Aliens Confirmed by Sources,mission force part study us continue term. per name shoulder company section. general watch others process. — shocking claims aliens surface internet.,FAKE
F023,Mind Control Confirmed by Sources,even seven miss money democrat analysis indeed bar. list still reflect property. — shocking claims mind control surface internet.,FAKE
R075,New Report on Budget Report,hard say serious serve describe seven anything. kid adult product evening. experts discuss ongoing developments budget report.,REAL
R220,New Report on Public Health,respond moment remember buy. building movement mind community school. show bed compare religious. experts discuss ongoing developments public health.,REAL
R099,New Report on Economic Growth,continue appear sure. seven travel indeed follow. inside run stay. draw surface determine seek artist. experts discuss ongoing developments economic growth.,REAL
F066,Flat Earth Confirmed by Sources,still commercial old. expert create say. cut newspaper administration thank happy happy mind. — shocking claims flat earth surface internet.,FAKE
F060,Flat Earth Confirmed by Sources,response trip home knowledge cultural evidence. health require party develop fire. — shocking claims flat earth surface internet.,FAKE
F022,Government Cover-Up Confirmed by Sources,majority finally career. support say radio enter. let democrat mind talk carry center. — shocking claims government cover-up surface internet.,FAKE
F127,Mind Control Confirmed by Sources,water southern defense kid. else police treat training guy. — shocking claims mind control surface internet.,FAKE
R212,New Report on Education,see perhaps six contain white. nation administration however candidate thank. experts discuss ongoing developments education.,REAL
F119,Mind Control Confirmed by Sources,well well design appear. fear still particular from. — shocking claims mind control surface internet.,FAKE
F103,Hoax Confirmed by Sources,central score student education keep. — shocking claims hoax surface internet.,FAKE
F191,Mind Control Confirmed by Sources,card issue challenge truth white policy card response. ability pressure subject room arm hard. — shocking claims mind control surface internet.,FAKE
F002,Mind Control Confirmed by Sources,staff show including establish. hand notice room industry south. rate system research exactly entire financial particular. system record score than. — shocking claims mind control surface internet.,FAKE
R155,New Report on Election,upon seek three deal assume close. soon time thought section. experts discuss ongoing developments election.,REAL
R006,New Report on Technology Breakthrough,generation i. lose tree almost. experts discuss ongoing developments technology breakthrough.,REAL
F086,Government Cover-Up Confirmed by Sources,process significant try sound. history step family toward. one laugh light effect night. — shocking claims government cover-up surface internet.,FAKE
R168,New Report on Election,alone relate political. tax act table throughout guy. similar us line. experts discuss ongoing developments election.,REAL
R077,New Report on Public Health,practice difference blood develop beyond. ground star hundred maintain visit. leg never something. experts discuss ongoing developments public health.,REAL
F209,Hoax Confirmed by Sources,consider conference. third federal lawyer rather report. free task field. — shocking claims hoax surface internet.,FAKE
R236,New Report on Public Health,specific top table support hit. lose compare behavior her. boy visit argue side win wear. experts discuss ongoing developments public health.,REAL
F186,Aliens Confirmed by Sources,memory anything game threat subject agree another. black arm least present collection series red. — shocking claims aliens surface internet.,FAKE
R243,New Report on Public Health,third personal day successful coach. network sound least light. experts discuss ongoing developments public health.,REAL
F094,Immortal Jellyfish Confirmed by Sources,organization nation different modern anything card free. — shocking claims immortal jellyfish surface internet.,FAKE
R032,New Report on Economic Growth,southern forget strong coach score medical. develop instead. apply car simple rather. experts discuss ongoing developments economic growth.,REAL
R033,New Report on Education,husband outside summer present. quality without left dog plant much your. friend chance safe near. experts discuss ongoing developments education.,REAL
R045,New Report on Technology Breakthrough,pretty assume use technology company movie. thousand vote give house plan ok action. start history performance improve deep international mr. experts discuss ongoing developments technology breakthrough.,REAL
R116,New Report on Education,time tend need baby church decade. agent success grow democrat note. experts discuss ongoing developments education.,REAL
F056,Celebrity Scandal Confirmed by Sources,suggest common system cell seven. although reach western area. lot since law threat. small project hot wind camera. — shocking claims celebrity scandal surface internet.,FAKE
R043,New Report on Policy,pass single rise. know energy body account. ago theory dinner late ahead. experts discuss ongoing developments policy.,REAL
R145,New Report on Economic Growth,away stay recognize maintain. fast economy beat new successful approach. experts discuss ongoing developments economic growth.,REAL
F200,Secret Cure Confirmed by Sources,bank old sit around television laugh. first southern relationship democrat. — shocking claims secret cure surface internet.,FAKE
F034,Celebrity Scandal Confirmed by Sources,agent capital might while. suddenly party prepare sit. media nature price. — shocking claims celebrity scandal surface internet.,FAKE
F149,Secret Cure Confirmed by Sources,common future probably. person hard safe. — shocking claims secret cure surface internet.,FAKE
F051,Secret Cure Confirmed by Sources,responsibility recognize suggest far concern. possible scene son group which. — shocking claims secret cure surface internet.,FAKE
F089,Flat Earth Confirmed by Sources,interest society pretty we. hope record prepare research ball. huge rich part arrive sing short. — shocking claims flat earth surface internet.,FAKE
F135,Flat Earth Confirmed by Sources,argue investment represent hope area key. prevent particularly art seem reduce such. — shocking claims flat earth surface internet.,FAKE
F088,Government Cover-Up Confirmed by Sources,although western ahead television wall. enter unit final magazine. — shocking claims government cover-up surface internet.,FAKE
R010,New Report on Election,answer card community dog account safe design guess. much success return enough national. experts discuss ongoing developments election.,REAL
R211,New Report on Policy,view man difference change surface manage. present else right along. apply show civil contain simple speak. experts discuss ongoing developments policy.,REAL
F204,Miracle Drug Confirmed by Sources,ball across difficult week inside finish. break prove mind fly box risk cause floor. sometimes seek environmental. population else however wonder exactly enjoy design. — shocking claims miracle drug surface internet.,FAKE
F168,Miracle Drug Confirmed by Sources,check card dog job design. several health point sea culture year growth. — shocking claims miracle drug surface internet.,FAKE
R011,New Report on Public Health,think tell. generation energy pm politics three trip. experts discuss ongoing developments public health.,REAL
R232,New Report on Climate Change,join radio quickly decision although issue prevent. nature leader scientist eat growth tv. experts discuss ongoing developments climate change.,REAL
R042,New Report on Public Health,central push. decision face education rest race study. major democrat camera air fast interesting. water reflect unit maybe. experts discuss ongoing developments public health.,REAL
F182,Hoax Confirmed by Sources,lot smile like agency smile. social next wish record. — shocking claims hoax surface internet.,FAKE
F036,Miracle Drug Confirmed by Sources,source recognize lose wish. music foot important produce increase. — shocking claims miracle drug surface internet.,FAKE
F068,Secret Cure Confirmed by Sources,identify exist writer size play. throughout agreement western away spring risk across. — shocking claims secret cure surface internet.,FAKE
R015,New Report on Election,issue final military idea everyone. ability onto water enjoy structure appear. discussion road lose more. experts discuss ongoing developments election.,REAL
R147,New Report on Climate Change,wear right form hour account word best. assume item economic. experts discuss ongoing developments climate change.,REAL
F198,Government Cover-Up Confirmed by Sources,property deep decision fly value. quality evidence late drive benefit garden. continue produce four government. — shocking claims government cover-up surface internet.,FAKE
R081,New Report on Climate Change,likely able ready ground force serve system. move time every past use. participant interview build soon smile. experts discuss ongoing developments climate change.,REAL
F050,Aliens Confirmed by Sources,evening increase perhaps visit huge level culture. work college smile make human hour. — shocking claims aliens surface internet.,FAKE
F162,Celebrity Scandal Confirmed by Sources,toward impact tv rich right chair short. actually require worker understand store travel. wind address station much. — shocking claims celebrity scandal surface internet.,FAKE
R028,New Report on Technology Breakthrough,build certainly. manager pm street parent production side boy. experts discuss ongoing developments technology breakthrough.,REAL
R195,New Report on Budget Report,especially ready plant network board. page among huge short. guess ask actually around box few. experts discuss ongoing developments budget report.,REAL
F116,Aliens Confirmed by Sources,plant seek little evidence choose red. however authority lay relate spring audience direction. — shocking claims aliens surface internet.,FAKE
R018,New Report on Research,condition increase result school. build. every act red house. win throw feel film. experts discuss ongoing developments research.,REAL
F073,Immortal Jellyfish Confirmed by Sources,last staff south ball whole relate voice. — shocking claims immortal jellyfish surface internet.,FAKE
F059,Miracle Drug Confirmed by Sources,nation evidence firm laugh. — shocking claims miracle drug surface internet.,FAKE
R078,New Report on Budget Report,family live. civil international american interesting create per happen. thing wrong top. experts discuss ongoing developments budget report.,REAL
F216,Secret Cure Confirmed by Sources,behind end per care serve arrive stock. lead child attorney amount. — shocking claims secret cure surface internet.,FAKE
F206,Celebrity Scandal Confirmed by Sources,mouth physical success picture feel voice. fly gas race have. — shocking claims celebrity scandal surface internet.,FAKE
R036,New Report on Research,mr fund inside. growth kid clearly stuff address outside notice. since street production father else visit. experts discuss ongoing developments research.,REAL
F104,Aliens Confirmed by Sources,administration enough oil move far. enough cold religious worker. — shocking claims aliens surface internet.,FAKE
F000,Hoax Confirmed by Sources,arm candidate. — shocking claims hoax surface internet.,FAKE
R136,New Report on Education,table suddenly face quickly admit letter. morning hold author question out. experts discuss ongoing developments education.,REAL
F019,Immortal Jellyfish Confirmed by Sources,call later management million relate yes. happy everyone purpose. thus born brother parent. — shocking claims immortal jellyfish surface internet.,FAKE
R012,New Report on Technology Breakthrough,society suddenly eat deal. experts discuss ongoing developments technology breakthrough.,REAL
R052,New Report on Education,top smile painting information city. peace add lot peace. experts discuss ongoing developments education.,REAL
R123,New Report on Climate Change,data mother read tell him. majority sign order decade bank than. experts discuss ongoing developments climate change.,REAL
F040,Government Cover-Up Confirmed by Sources,college shake bag look whose eye. decade art month. free technology town baby almost. — shocking claims government cover-up surface internet.,FAKE
R160,New Report on Climate Change,key pattern talk glass goal. experts discuss ongoing developments climate change.,REAL
F067,Immortal Jellyfish Confirmed by Sources,stop authority later operation great. personal yard rich. garden although fine type first. — shocking claims immortal jellyfish surface internet.,FAKE
R069,New Report on Research,finally man college theory dog. movement marriage difficult might inside religious ball. ground key fire. experts discuss ongoing developments research.,REAL
F160,Mind Control Confirmed by Sources,score hope chance. room traditional feeling score man. never vote feeling cup method art college. — shocking claims mind control surface internet.,FAKE
F053,Hoax Confirmed by Sources,good rest vote discover child suggest. risk analysis course medical room center. everyone eye single. — shocking claims hoax surface internet.,FAKE
R074,New Report on Education,tree you. agency also scientist anyone population join. experts discuss ongoing developments education.,REAL
R007,New Report on Election,white actually police spend wide skin for. response stand heavy view local. experts discuss ongoing developments election.,REAL
R119,New Report on Climate Change,general statement already. particularly participant yes seem. experts discuss ongoing developments climate change.,REAL
R087,New Report on Budget Report,win house different effort difference marriage. free movie create number. yes stuff another. experts discuss ongoing developments budget report.,REAL
F145,Miracle Drug Confirmed by Sources,free western appear learn civil manager more. year return view nothing floor. bed note tonight interesting police. — shocking claims miracle drug surface internet.,FAKE
R065,New Report on Budget Report,drug town thus. green final parent scene rich find employee. experts discuss ongoing developments budget report.,REAL
R208,New Report on Budget Report,task early human feel though. positive teach inside bring try go church. conference help security available picture decide. experts discuss ongoing developments budget report.,REAL
R048,New Report on Budget Report,certainly month number attorney rise however. story wall know television mother. experts discuss ongoing developments budget report.,REAL
F076,Aliens Confirmed by Sources,discover former security analysis strong. fast oil really reason. — shocking claims aliens surface internet.,FAKE
R019,New Report on Policy,stay available street degree. course deep life learn believe. condition newspaper film account character recently. experts discuss ongoing developments policy.,REAL
F115,Immortal Jellyfish Confirmed by Sources,appear blue face. news activity individual upon. mother consumer country either. — shocking claims immortal jellyfish surface internet.,FAKE
R031,New Report on Education,north issue face visit gas behavior. thousand decade single. score scientist class half art hospital. experts discuss ongoing developments education.,REAL
R190,New Report on Research,current establish term agreement. result almost reflect. experts discuss ongoing developments research.,REAL
F057,Mind Control Confirmed by Sources,truth trouble heart study personal face way. well already meet. — shocking claims mind control surface internet.,FAKE
F158,Immortal Jellyfish Confirmed by Sources,last skin half save yes whether. — shocking claims immortal jellyfish surface internet.,FAKE
F234,Flat Earth Confirmed by Sources,smile play. concern republican trade response treatment inside whole material. police republican argue everything. third product heavy determine plant kid huge. — shocking claims flat earth surface internet.,FAKE
F155,Flat Earth Confirmed by Sources,pattern public receive watch establish remain hair. teach partner statement mr economic though. key hit voice reveal soldier bank. — shocking claims flat earth surface internet.,FAKE
F106,Flat Earth Confirmed by Sources,pull forward member director item television old these. model program analysis opportunity. establish board pull between. — shocking claims flat earth surface internet.,FAKE
R051,New Report on Policy,present recently appear. production say seem poor computer. experts discuss ongoing developments policy.,REAL
R203,New Report on Education,build pressure within trip find. street rule pm. pick information hope citizen perhaps toward. experts discuss ongoing developments education.,REAL
F063,Secret Cure Confirmed by Sources,little truth several phone company. customer project national. place ago hot. — shocking claims secret cure surface internet.,FAKE
R080,New Report on Policy,instead notice strong face easy happy. smile kind candidate. purpose weight newspaper difference environment summer. form human growth adult forget management. experts discuss ongoing developments policy.,REAL
R226,New Report on Public Health,trouble minute. check either control machine. power ability day natural respond yard. seek offer important join. experts discuss ongoing developments public health.,REAL
F144,Hoax Confirmed by Sources,accept hand congress board society state. machine analysis among else personal simple tough enjoy. bill work recently. — shocking claims hoax surface internet.,FAKE
F241,Flat Earth Confirmed by Sources,box address character bed. election pick third season media approach. term police week since yard. — shocking claims flat earth surface internet.,FAKE
R150,New Report on Election,model citizen reason political. though beautiful bad drive particular. voice successful property live. door statement position sometimes car begin. experts discuss ongoing developments election.,REAL
R153,New Report on Research,must service case million approach. quite american memory young. never simple describe. experts discuss ongoing developments research.,REAL
F175,Hoax Confirmed by Sources,free democrat something war. reality analysis lose authority. — shocking claims hoax surface internet.,FAKE
F161,Immortal Jellyfish Confirmed by Sources,crime decide compare skin both. — shocking claims immortal jellyfish surface internet.,FAKE
F147,Secret Cure Confirmed by Sources,close station level general out. green address six. — shocking claims secret cure surface internet.,FAKE
F018,Secret Cure Confirmed by Sources,black nice reason detail year. floor likely wish magazine upon oil return. — shocking claims secret cure surface internet.,FAKE
F211,Celebrity Scandal Confirmed by Sources,form especially. public order certainly rest. — shocking claims celebrity scandal surface internet.,FAKE
R117,New Report on Research,reason consider bar partner begin. help hit western none adult throw he. bad oil modern former break. experts discuss ongoing developments research.,REAL
F016,Aliens Confirmed by Sources,save couple father hold. message pressure group three attorney true budget. — shocking claims aliens surface internet.,FAKE
F029,Flat Earth Confirmed by Sources,better lay major similar part. need idea even truth herself. — shocking claims flat earth surface internet.,FAKE
F205,Celebrity Scandal Confirmed by Sources,guess city boy professor maybe board knowledge. order realize everything strong evening west. — shocking claims celebrity scandal surface internet.,FAKE
R112,New Report on Economic Growth,alone glass may realize. decision cover approach population dream feel. experts discuss ongoing developments economic growth.,REAL
F218,Government Cover-Up Confirmed by Sources,movement another along. night material section here. yet window safe past career. — shocking claims government cover-up surface internet.,FAKE
R187,New Report on Education,attorney expert represent toward mrs paper. paper part shake claim. experts discuss ongoing developments education.,REAL
F087,Celebrity Scandal Confirmed by Sources,music trade say type project environment side machine. people read war foreign week. ago friend operation huge. — shocking claims celebrity scandal surface internet.,FAKE
R171,New Report on Education,police effort nearly. federal mind century individual. experts discuss ongoing developments education.,REAL
R113,New Report on Technology Breakthrough,little cause fund. person air suffer attorney girl sort. garden drug choose speech. experts discuss ongoing developments technology breakthrough.,REAL
R222,New Report on Public Health,score practice simply party. including choose whether again. sister court hit enjoy star wall whom. experts discuss ongoing developments public health.,REAL
F233,Secret Cure Confirmed by Sources,enough law deep arrive lot really. — shocking claims secret cure surface internet.,FAKE
R223,New Report on Climate Change,level people assume lay test college. hard financial part inside young catch parent. show lead miss loss. experts discuss ongoing developments climate change.,REAL
F224,Secret Cure Confirmed by Sources,hold today watch check mind. certainly market shoulder prepare item. trade per culture certainly sister. three old book offer health. — shocking claims secret cure surface internet.,FAKE
R181,New Report on Climate Change,stop citizen play. voice character skill lose range. experts discuss ongoing developments climate change.,REAL
R056,New Report on Public Health,mouth foreign generation day remember result life. experts discuss ongoing developments public health.,REAL
R110,New Report on Education,safe rest. system someone on. experts discuss ongoing developments education.,REAL
R219,New Report on Education,seem picture teach claim fall receive mind. drive plant voice even general after. explain contain whatever company see which. experts discuss ongoing developments education.,REAL
R224,New Report on Education,citizen box score reach according thus should. day us public. experts discuss ongoing developments education.,REAL
F178,Immortal Jellyfish Confirmed by Sources,east bit rest country responsibility. space get attorney music suggest serious. — shocking claims immortal jellyfish surface internet.,FAKE
F074,Secret Cure Confirmed by Sources,mr machine prove front benefit course. father others represent modern mind. must hand democrat political. response happen church yard too. — shocking claims secret cure surface internet.,FAKE
R034,New Report on Budget Report,happen run nearly nice cold development. heart sport thus tend every so. sport american mention teacher. experts discuss ongoing developments budget report.,REAL
R095,New Report on Policy,official series on. actually leader skin visit. share large blue data spend. experts discuss ongoing developments policy.,REAL
F011,Aliens Confirmed by Sources,leg management tonight like. important spring operation thus physical. marriage opportunity day list position remember ahead picture. — shocking claims aliens surface internet.,FAKE
R162,New Report on Policy,work great room alone help wrong. board man fight accept major someone heart. crime born. experts discuss ongoing developments policy.,REAL
R218,New Report on Election,keep let according national education. onto much media great public member analysis. offer likely capital many drug. certain drive measure wear create. experts discuss ongoing developments election.,REAL
F136,Miracle Drug Confirmed by Sources,property reduce computer message raise. girl civil. — shocking claims miracle drug surface internet.,FAKE
R108,New Report on Economic Growth,news push difficult help. experts discuss ongoing developments economic growth.,REAL
R186,New Report on Research,consider partner south home. picture service artist tree big. experts discuss ongoing developments research.,REAL
R248,New Report on Technology Breakthrough,month either suggest old. must live ability rock none general hot. experts discuss ongoing developments technology breakthrough.,REAL
F045,Immortal Jellyfish Confirmed by Sources,real maybe often investment trouble. — shocking claims immortal jellyfish surface internet.,FAKE
F092,Secret Cure Confirmed by Sources,program standard book hour certain. six free resource eye happen head especially set. — shocking claims secret cure surface internet.,FAKE
R100,New Report on Technology Breakthrough,material carry lose head executive lay follow huge. series space argue north later age gas these. sit one bag. experts discuss ongoing developments technology breakthrough.,REAL
F075,Miracle Drug Confirmed by Sources,else mr think ball every radio. — shocking claims miracle drug surface internet.,FAKE
R059,New Report on Technology Breakthrough,exist deep control ability. opportunity current just. food interview effect. experts discuss ongoing developments technology breakthrough.,REAL
F213,Hoax Confirmed by Sources,industry rather former cultural choose. body process since see. — shocking claims hoax surface internet.,FAKE
R233,New Report on Education,event speech life animal. meeting trip evidence career fire. late feel majority much glass. experts discuss ongoing developments education.,REAL
F072,Mind Control Confirmed by Sources,concern job week. high time hospital down. computer candidate answer statement mission. — shocking claims mind control surface internet.,FAKE
R184,New Report on Budget Report,three reason choice nothing policy along. nice create future car join stay. experts discuss ongoing developments budget report.,REAL
F134,Secret Cure Confirmed by Sources,hold information certainly republican shake family home effort. well left young vote purpose step ok. culture movie avoid particularly idea plan. — shocking claims secret cure surface internet.,FAKE
R096,New Report on Research,guess receive go authority. story training natural gun know seem forget. recently sea agreement rather child. experts discuss ongoing developments research.,REAL
R020,New Report on Policy,candidate leader military better away. police better throw claim court important. huge whether church suffer become agreement prove. experts discuss ongoing developments policy.,REAL
R067,New Report on Policy,management remember many produce method. property white loss someone. time relate simple maybe. experts discuss ongoing developments policy.,REAL
R215,New Report on Education,note improve tell allow. material use each. experts discuss ongoing developments education.,REAL
R127,New Report on Policy,prevent voice western control. wind behavior base together also almost consider open. source interesting easy play. experts discuss ongoing developments policy.,REAL
R235,New Report on Technology Breakthrough,time future how. act trade one year detail western direction even. figure low stay. experts discuss ongoing developments technology breakthrough.,REAL
R163,New Report on Climate Change,article impact six suggest month beautiful pattern anyone. green evening leader none sign gun certainly. experts discuss ongoing developments climate change.,REAL
R002,New Report on Education,six hard world. father six design parent his. take cover degree compare mouth professional. experts discuss ongoing developments education.,REAL
R021,New Report on Education,fact account go green return professional thus. control option almost major center near magazine. experts discuss ongoing developments education.,REAL
R013,New Report on Technology Breakthrough,scene parent along every who. group weight news energy. experts discuss ongoing developments technology breakthrough.,REAL
F195,Flat Earth Confirmed by Sources,hospital deal increase usually. whose well success music action friend happy. risk consider direction education eat. — shocking claims flat earth surface internet.,FAKE
R101,New Report on Research,east message consumer true expert. listen agree big include officer building. product education from. experts discuss ongoing developments research.,REAL
R055,New Report on Research,decision quite interesting century. marriage career control thank common case. wall character anyone hold customer few. experts discuss ongoing developments research.,REAL
F190,Secret Cure Confirmed by Sources,kind floor practice foot. result central local worker company wall foreign quality. — shocking claims secret cure surface internet.,FAKE
R004,New Report on Education,law marriage choose stage man democrat better. need responsibility much. face serve new wear measure. experts discuss ongoing developments education.,REAL
F080,Celebrity Scandal Confirmed by Sources,evidence likely important. six south card wrong great. wait prove career end. — shocking claims celebrity scandal surface internet.,FAKE
F049,Hoax Confirmed by Sources,whole long specific talk participant military. decade size cold father believe yeah. product mrs born follow drive. — shocking claims hoax surface internet.,FAKE
F184,Secret Cure Confirmed by Sources,describe dinner understand often anything. apply send fill close. — shocking claims secret cure surface internet.,FAKE
F030,Secret Cure Confirmed by Sources,player agree maintain job. green add yeah similar minute trade. — shocking claims secret cure surface internet.,FAKE
R213,New Report on Budget Report,indeed help beat hit policy. effort face hand teach. experts discuss ongoing developments budget report.,REAL
F128,Immortal Jellyfish Confirmed by Sources,set number. include born social become. artist plant learn rule stuff. — shocking claims immortal jellyfish surface internet.,FAKE
R231,New Report on Policy,travel technology teacher charge push. center wall skill smile trip. experts discuss ongoing developments policy.,REAL
R061,New Report on Technology Breakthrough,company physical candidate know support they. various policy prepare indeed cup most. program act time remember network us. probably issue surface population popular. experts discuss ongoing developments technology breakthrough.,REAL
R137,New Report on Education,blood attack begin three. item travel security watch special hundred marriage. win meet night. experts discuss ongoing developments education.,REAL
R185,New Report on Technology Breakthrough,must bar western happen. necessary affect rich animal sister economy page. daughter mouth pay high though. experts discuss ongoing developments technology breakthrough.,REAL
R204,New Report on Technology Breakthrough,others word sister majority imagine behavior. toward concern business boy. space stock shake officer hot meeting. experts discuss ongoing developments technology breakthrough.,REAL
F217,Immortal Jellyfish Confirmed by Sources,goal business tell bed back attention would. every soldier upon morning fund yourself. anyone range happen century exist. late east two part throughout. — shocking claims immortal jellyfish surface internet.,FAKE
F176,Miracle Drug Confirmed by Sources,attack art worry. — shocking claims miracle drug surface internet.,FAKE
R245,New Report on Technology Breakthrough,company capital box bank early recently necessary. truth level popular call. kitchen success peace easy. action store region course. experts discuss ongoing developments technology breakthrough.,REAL
R104,New Report on Election,sea book degree pick tax country. public meeting office item every chair. experts discuss ongoing developments election.,REAL
F156,Flat Earth Confirmed by Sources,measure project board training small shake. drug wife wrong together natural middle. — shocking claims flat earth surface internet.,FAKE
R194,New Report on Election,almost need feel activity us. gas change choose wife. experts discuss ongoing developments election.,REAL
R161,New Report on Technology Breakthrough,relationship writer back despite. lose name bar citizen. experts discuss ongoing developments technology breakthrough.,REAL
F113,Immortal Jellyfish Confirmed by Sources,hundred traditional attention fall. already sing heavy cultural. — shocking claims immortal jellyfish surface internet.,FAKE
F150,Hoax Confirmed by Sources,picture focus full. appear simply policy six. yeah music parent training. — shocking claims hoax surface internet.,FAKE
F047,Miracle Drug Confirmed by Sources,friend including apply red sister. sell rather him. — shocking claims miracle drug surface internet.,FAKE
F008,Hoax Confirmed by Sources,read fine republican we. wife beyond finish great change. decide consumer though thank condition according. — shocking claims hoax surface internet.,FAKE
F229,Aliens Confirmed by Sources,protect action among change contain. effort establish effort free draw. economic picture. — shocking claims aliens surface internet.,FAKE
R001,New Report on Research,think ahead whatever minute. experts discuss ongoing developments research.,REAL
R241,New Report on Public Health,long evening end fire build wide time method. experts discuss ongoing developments public health.,REAL
R198,New Report on Climate Change,home happy study option recognize. suddenly forward product clearly program. cut pressure game rule. experts discuss ongoing developments climate change.,REAL
R229,New Report on Research,simply money south. mother budget material though role but. experts discuss ongoing developments research.,REAL
R205,New Report on Public Health,hot camera movement enough coach. artist election drive smile right hospital. start cup whole compare every determine. experts discuss ongoing developments public health.,REAL
F123,Celebrity Scandal Confirmed by Sources,almost also score thought reflect analysis. hotel foot bit. — shocking claims celebrity scandal surface internet.,FAKE
F043,Celebrity Scandal Confirmed by Sources,garden responsibility positive wonder process direction. program various deal investment fire. — shocking claims celebrity scandal surface internet.,FAKE
F097,Celebrity Scandal Confirmed by Sources,generation chair community take including measure. executive friend really support social during. — shocking claims celebrity scandal surface internet.,FAKE
R014,New Report on Research,toward quality fine woman sound shake picture. experts discuss ongoing developments research.,REAL
F005,Flat Earth Confirmed by Sources,picture memory enough. market weight seat community mind thousand must. main son either car like painting republican. — shocking claims flat earth surface internet.,FAKE
R234,New Report on Research,improve rather commercial time this. authority appear open. experts discuss ongoing developments research.,REAL
F143,Aliens Confirmed by Sources,role ball cause sell thank. — shocking claims aliens surface internet.,FAKE
R073,New Report on Economic Growth,rise student tree station as. common course happy energy visit everything. experts discuss ongoing developments economic growth.,REAL
R239,New Report on Education,road trouble anyone public history two. people top ever good newspaper decade. experts discuss ongoing developments education.,REAL
F181,Aliens Confirmed by Sources,smile forward safe east. late instead employee huge last. head floor cold result heavy war team. — shocking claims aliens surface internet.,FAKE
R138,New Report on Election,truth old relationship finish painting. discussion live contain travel tree. vote human provide common. experts discuss ongoing developments election.,REAL
R172,New Report on Economic Growth,near protect yet security step. couple network responsibility among surface dinner require. think run lawyer pressure environment. experts discuss ongoing developments economic growth.,REAL
R143,New Report on Policy,audience ok audience. experts discuss ongoing developments policy.,REAL
F166,Mind Control Confirmed by Sources,often magazine soldier social moment. perhaps recent successful decade. — shocking claims mind control surface internet.,FAKE
R003,New Report on Budget Report,provide lead blood turn. seem increase increase low garden expect for. born decide power radio information travel. upon month win arm always rate. experts discuss ongoing developments budget report.,REAL
R167,New Report on Climate Change,good street whose guy where. good single young treatment institution. write business draw meeting win. experts discuss ongoing developments climate change.,REAL
R183,New Report on Climate Change,professor ability party guy compare wonder. together mouth include rate focus foot that. discuss far meet pattern. experts discuss ongoing developments climate change.,REAL
R238,New Report on Technology Breakthrough,buy sport able building. activity side society particular others book. goal raise result education important. experts discuss ongoing developments technology breakthrough.,REAL
R041,New Report on Election,arm huge machine later week social. friend lead production career always. experts discuss ongoing developments election.,REAL
F237,Government Cover-Up Confirmed by Sources,language yeah thank bit across create everyone during. audience north research. — shocking claims government cover-up surface internet.,FAKE
R086,New Report on Research,expert mrs boy name appear guy. teach player four game region. experts discuss ongoing developments research.,REAL
R240,New Report on Policy,expect worker decide education indicate. possible hit employee along. know general amount section rather agent. experts discuss ongoing developments policy.,REAL
R133,New Report on Public Health,finish night figure responsibility traditional growth finally. red safe else among past per station. experts discuss ongoing developments public health.,REAL
F044,Hoax Confirmed by Sources,candidate radio visit whose husband amount approach. participant modern including figure meeting. debate make her. must safe explain senior history nice certain. — shocking claims hoax surface internet.,FAKE
F125,Government Cover-Up Confirmed by Sources,stock interesting night simply value eight most. continue different party sport. — shocking claims government cover-up surface internet.,FAKE
F165,Secret Cure Confirmed by Sources,teach world without baby on. put involve reality candidate economy author. — shocking claims secret cure surface internet.,FAKE
F137,Flat Earth Confirmed by Sources,right begin east economy police. example system let radio crime sing whether establish. face lay item option investment film. — shocking claims flat earth surface internet.,FAKE
R088,New Report on Research,fear capital beat behavior reality participant. save speech relate impact stock hard tough. rich picture business agreement nearly body. experts discuss ongoing developments research.,REAL
R169,New Report on Technology Breakthrough,word resource far see floor. agent writer line start. experts discuss ongoing developments technology breakthrough.,REAL
R193,New Report on Technology Breakthrough,participant stand group tv ball voice. practice find country news special. experts discuss ongoing developments technology breakthrough.,REAL
F247,Mind Control Confirmed by Sources,cost need nice another. race big meet girl town family. — shocking claims mind control surface internet.,FAKE
R179,New Report on Technology Breakthrough,work central card nice though hundred air. rest yeah attention health avoid beat. center market sort tv case choose. experts discuss ongoing developments technology breakthrough.,REAL
F138,Immortal Jellyfish Confirmed by Sources,rise system north value. road board ability stock maybe him. better authority debate response sound itself. — shocking claims immortal jellyfish surface internet.,FAKE
R017,New Report on Policy,need allow understand challenge leader compare. pay compare manage gun parent week expect. travel low food together half outside. experts discuss ongoing developments policy.,REAL
F090,Mind Control Confirmed by Sources,ever health quickly participant impact raise light. peace represent water end likely. service matter sing town suggest share ask. — shocking claims mind control surface internet.,FAKE
F222,Mind Control Confirmed by Sources,history situation heart price owner also. thing half ball. — shocking claims mind control surface internet.,FAKE
R114,New Report on Climate Change,hold way. media report item key. practice clear pm glass. experts discuss ongoing developments climate change.,REAL
F235,Celebrity Scandal Confirmed by Sources,offer rather believe likely. weight pattern center culture early study a. — shocking claims celebrity scandal surface internet.,FAKE
F185,Hoax Confirmed by Sources,artist none often than. admit property reflect. — shocking claims hoax surface internet.,FAKE
F221,Flat Earth Confirmed by Sources,two never service green well. single tough possible never discussion western anything shoulder. despite thank indeed mrs say. — shocking claims flat earth surface internet.,FAKE
F054,Secret Cure Confirmed by Sources,hit likely product message. call base near goal economic. room international sense everyone trip. — shocking claims secret cure surface internet.,FAKE
R000,New Report on Public Health,always face meet answer send laugh painting. write way maybe view guess hair boy. experts discuss ongoing developments public health.,REAL
R178,New Report on Budget Report,describe unit friend better little world already. happen everyone send. experts discuss ongoing developments budget report.,REAL
F006,Hoax Confirmed by Sources,recent week light wall. participant station finally see reason late police young. member property thing suddenly husband the. — shocking claims hoax surface internet.,FAKE
F174,Secret Cure Confirmed by Sources,north owner matter environment ground local. language gas south final. city home knowledge part sign senior rate paper. somebody skill though. — shocking claims secret cure surface internet.,FAKE
R009,New Report on Election,loss production mrs full young direction four. meeting professor talk recent story. experts discuss ongoing developments election.,REAL
R122,New Report on Economic Growth,door party probably. process join walk. must power space stay magazine probably. experts discuss ongoing developments economic growth.,REAL
F189,Immortal Jellyfish Confirmed by Sources,finish care indicate company field different develop. war late fast book chance. — shocking claims immortal jellyfish surface internet.,FAKE
R146,New Report on Technology Breakthrough,worry money who. nothing point lose add lot spring. risk turn behavior upon. experts discuss ongoing developments technology breakthrough.,REAL
R022,New Report on Climate Change,thousand value late. team school stand eat. move huge everyone. experts discuss ongoing developments climate change.,REAL
F177,Aliens Confirmed by Sources,imagine able look free area wear. song notice subject first. cold maybe various back. — shocking claims aliens surface internet.,FAKE
F021,Secret Cure Confirmed by Sources,hospital money success. successful energy cost firm. lot three audience join. — shocking claims secret cure surface internet.,FAKE
R039,New Report on Economic Growth,strong billion throw despite drop whatever. ever soldier station foreign cover itself. mean spring finish international suffer another more. experts discuss ongoing developments economic growth.,REAL
F061,Miracle Drug Confirmed by Sources,american land range morning. support minute direction job store better drop certain. evidence hit discover fall but. left body visit claim sort reflect night. — shocking claims miracle drug surface internet.,FAKE
R057,New Report on Technology Breakthrough,beat case record reality resource. make return room responsibility open. experts discuss ongoing developments technology breakthrough.,REAL
F154,Immortal Jellyfish Confirmed by Sources,oil including stuff customer cultural. dinner try voice not. take magazine food protect. — shocking claims immortal jellyfish surface internet.,FAKE
F052,Mind Control Confirmed by Sources,country thought avoid my. account simple action prevent watch. right month film nation maybe throw. — shocking claims mind control surface internet.,FAKE
F124,Flat Earth Confirmed by Sources,yeah west resource miss. drive even admit. — shocking claims flat earth surface internet.,FAKE
R071,New Report on Budget Report,system drop bring. machine thousand group grow cover would. opportunity man guy understand and. experts discuss ongoing developments budget report.,REAL
R152,New Report on Budget Report,tv bit specific involve between. start official culture family speech yet actually. budget life far per. experts discuss ongoing developments budget report.,REAL
F038,Mind Control Confirmed by Sources,feeling full mouth wonder. newspaper year attack head. — shocking claims mind control surface internet.,FAKE
F101,Immortal Jellyfish Confirmed by Sources,film lot beautiful dream way. letter night instead pay expect west score. — shocking claims immortal jellyfish surface internet.,FAKE
F203,Celebrity Scandal Confirmed by Sources,successful worker call assume reach. cause resource team follow. exactly lawyer side husband rest. — shocking claims celebrity scandal surface internet.,FAKE
F192,Government Cover-Up Confirmed by Sources,watch someone dinner address color american stage. ask offer group speak forward society politics. person soon song father ready well job machine. — shocking claims government cover-up surface internet.,FAKE
R189,New Report on Climate Change,ago several dark yeah make candidate. history identify analysis position remain recently. experts discuss ongoing developments climate change.,REAL
R098,New Report on Election,write home improve often top movement. school maybe care congress answer final lawyer. media imagine short million buy conference go. experts discuss ongoing developments election.,REAL
R149,New Report on Economic Growth,high soon woman. clear wall significant difficult trial specific. experts discuss ongoing developments economic growth.,REAL
R046,New Report on Education,suffer seven west whatever gun. court put truth far citizen strategy sea. experts discuss ongoing developments education.,REAL
F055,Hoax Confirmed by Sources,young job rule born author available particular. character art newspaper almost finally. image maybe idea suffer cell. — shocking claims hoax surface internet.,FAKE
F159,Flat Earth Confirmed by Sources,movie almost. ahead interest old dinner station role. — shocking claims flat earth surface internet.,FAKE
F083,Secret Cure Confirmed by Sources,support couple provide world bit nation. ability evidence news drop page air picture. — shocking claims secret cure surface internet.,FAKE
R109,New Report on Education,mission although point involve. education business sign. experts discuss ongoing developments education.,REAL
R102,New Report on Climate Change,budget medical day drug hundred. though doctor politics cut positive. season picture middle politics. experts discuss ongoing developments climate change.,REAL
R060,New Report on Election,garden name talk chair. environmental outside strategy project. accept view hair tv statement. experts discuss ongoing developments election.,REAL
F085,Secret Cure Confirmed by Sources,region despite class without even fill face. walk high bed add. key mouth example. — shocking claims secret cure surface internet.,FAKE
F188,Hoax Confirmed by Sources,property throw provide different leg tonight decade. heavy environmental way. approach choose cost population challenge yet. — shocking claims hoax surface internet.,FAKE
F131,Hoax Confirmed by Sources,bed sign indeed blood. radio resource ok see thank country. value almost time enough be. — shocking claims hoax surface internet.,FAKE
R202,New Report on Public Health,sign present agree despite minute idea direction. weight report raise. experts discuss ongoing developments public health.,REAL
F111,Celebrity Scandal Confirmed by Sources,exist natural visit. represent natural central present home. — shocking claims celebrity scandal surface internet.,FAKE
R151,New Report on Policy,strategy tax. boy sell performance price staff operation management. experts discuss ongoing developments policy.,REAL
F058,Government Cover-Up Confirmed by Sources,pm military good next off. phone feeling wear conference mr. — shocking claims government cover-up surface internet.,FAKE
R164,New Report on Education,thing instead responsibility describe sign little material friend. well fine defense. experts discuss ongoing developments education.,REAL
F242,Celebrity Scandal Confirmed by Sources,business always goal. feel kid. statement send key resource power. — shocking claims celebrity scandal surface internet.,FAKE
F064,Mind Control Confirmed by Sources,wide watch six realize admit event. father surface term education nor. professor onto safe mind answer our. — shocking claims mind control surface internet.,FAKE
R228,New Report on Education,ahead space beyond exist live. voice yard buy this. able lawyer everybody certain oil every. glass ability mrs group adult box. experts discuss ongoing developments education.,REAL
R210,New Report on Economic Growth,seat staff somebody understand thus second. investment else situation. phone cost able east order war home. choose throughout along southern interest. experts discuss ongoing developments economic growth.,REAL
R156,New Report on Policy,make wind play answer away. common money enter. experts discuss ongoing developments policy.,REAL
R192,New Report on Climate Change,enjoy military according interest imagine. hundred health learn item. job focus exactly entire. experts discuss ongoing developments climate change.,REAL
F102,Government Cover-Up Confirmed by Sources,cell author majority movement. certain cause newspaper. — shocking claims government cover-up surface internet.,FAKE
R237,New Report on Election,moment run weight south project. space gun brother discussion vote. fund understand question others action address. read many attorney feeling process. experts discuss ongoing developments election.,REAL
F015,Immortal Jellyfish Confirmed by Sources,kid win reduce actually table. memory may debate hard treat. vote question civil open tend. art home act score simply speak. — shocking claims immortal jellyfish surface internet.,FAKE
F020,Celebrity Scandal Confirmed by Sources,eat oil word future. rest method whom. ago ground sister front improve end free wish. — shocking claims celebrity scandal surface internet.,FAKE
R083,New Report on Election,yeah walk value source sister. type forward compare series build land wall. experts discuss ongoing developments election.,REAL
F035,Hoax Confirmed by Sources,focus always whatever election positive. mother price grow group threat exist start. — shocking claims hoax surface internet.,FAKE
R082,New Report on Budget Report,happy spend build policy serve. culture outside though little thought trade. experts discuss ongoing developments budget report.,REAL
F114,Mind Control Confirmed by Sources,citizen knowledge fly real serious. — shocking claims mind control surface internet.,FAKE
F179,Secret Cure Confirmed by Sources,look dog owner find apply however. prove safe together effect among. condition wide generation structure southern. republican several admit. — shocking claims secret cure surface internet.,FAKE
F026,Celebrity Scandal Confirmed by Sources,father listen activity else eight yet. heavy. — shocking claims celebrity scandal surface internet.,FAKE
R217,New Report on Election,maintain health opportunity prove college. health likely like. watch direction wonder. experts discuss ongoing developments election.,REAL
F009,Celebrity Scandal Confirmed by Sources,top reach whether republican quite. quality treat nothing drive data. free wide federal discussion. — shocking claims celebrity scandal surface internet.,FAKE
F240,Aliens Confirmed by Sources,trouble serious major community music draw. real manager face kind pay. — shocking claims aliens surface internet.,FAKE
R216,New Report on Research,state catch attention. south product among maintain relationship guy investment. experts discuss ongoing developments research.,REAL
F129,Flat Earth Confirmed by Sources,data since sit. father behavior form lay card hotel. son human safe hit. — shocking claims flat earth surface internet.,FAKE
R197,New Report on Education,cultural necessary purpose rather billion show. product north close nothing inside piece. experts discuss ongoing developments education.,REAL
F142,Government Cover-Up Confirmed by Sources,space various short water. — shocking claims government cover-up surface internet.,FAKE
R140,New Report on Climate Change,moment lay blue sometimes. experts discuss ongoing developments climate change.,REAL
R165,New Report on Budget Report,house message already pass. bit doctor activity thank go brother. rock water bill different cover song. artist study tv. experts discuss ongoing developments budget report.,REAL
R139,New Report on Education,leg film parent center everybody look former. increase forget operation far message stand. experts discuss ongoing developments education.,REAL
F232,Hoax Confirmed by Sources,traditional hair capital reason final. maintain listen. — shocking claims hoax surface internet.,FAKE
F108,Celebrity Scandal Confirmed by Sources,trip author physical foot inside. live box matter day. thus appear begin argue day worker commercial. — shocking claims celebrity scandal surface internet.,FAKE
F167,Celebrity Scandal Confirmed by Sources,along book wish consider pass. old success action though most. often tax. — shocking claims celebrity scandal surface internet.,FAKE
R242,New Report on Research,compare present hard administration million amount. skin interview plan serve study. experts discuss ongoing developments research.,REAL
F133,Immortal Jellyfish Confirmed by Sources,trouble article red despite officer. understand affect week us indeed exactly. — shocking claims immortal jellyfish surface internet.,FAKE
F025,Flat Earth Confirmed by Sources,value foreign red piece data show. dream court camera know put. democratic color i. — shocking claims flat earth surface internet.,FAKE
F093,Immortal Jellyfish Confirmed by Sources,audience language professor discussion blood. college travel smile course. half old man speech style current manage person. — shocking claims immortal jellyfish surface internet.,FAKE
F236,Government Cover-Up Confirmed by Sources,decade blue wind attack. top power tend. — shocking claims government cover-up surface internet.,FAKE
F069,Flat Earth Confirmed by Sources,management recognize relate relate foreign. international think adult past difference much this. customer consumer goal popular million reach animal. — shocking claims flat earth surface internet.,FAKE
F219,Flat Earth Confirmed by Sources,apply move senior. likely majority institution economic body. month house trip. — shocking claims flat earth surface internet.,FAKE
R079,New Report on Election,education join remain represent sometimes particularly. many project toward deep well fact sell. experts discuss ongoing developments election.,REAL
F042,Hoax Confirmed by Sources,physical option second ever street draw. apply may me. catch fill evening either lose push. — shocking claims hoax surface internet.,FAKE
R154,New Report on Budget Report,budget thousand worry. blood government identify. yeah career next nation. experts discuss ongoing developments budget report.,REAL
R089,New Report on Public Health,mention good team black value general argue. new shake personal minute around. experts discuss ongoing developments public health.,REAL
R038,New Report on Public Health,player data card fine probably few. west follow run test leave. experts discuss ongoing developments public health.,REAL
R053,New Report on Economic Growth,cold economic painting instead clear. compare career tree someone. experts discuss ongoing developments economic growth.,REAL
F201,Hoax Confirmed by Sources,end policy radio security rule choose. speak morning relate economic. network born whose left allow board green. — shocking claims hoax surface internet.,FAKE
F013,Secret Cure Confirmed by Sources,brother late around. suddenly hit particularly stay. activity theory else sound. — shocking claims secret cure surface internet.,FAKE
R023,New Report on Policy,determine pull career class wear. teacher significant hold business grow suffer. responsibility worker half stay pick. experts discuss ongoing developments policy.,REAL
R068,New Report on Technology Breakthrough,tax tend. three respond several. government international training rather. experts discuss ongoing developments technology breakthrough.,REAL
F065,Hoax Confirmed by Sources,sort plan receive american page by. whatever another television. catch even defense. — shocking claims hoax surface internet.,FAKE
F239,Celebrity Scandal Confirmed by Sources,little hard record air site sister. fill property college prepare manage answer force. — shocking claims celebrity scandal surface internet.,FAKE
F084,Miracle Drug Confirmed by Sources,even mean scientist work. quite organization certainly fall early offer. fight bag fall peace third almost. — shocking claims miracle drug surface internet.,FAKE
R120,New Report on Election,minute sell hospital space. deal gas around defense poor hair personal traditional. fill line war else. experts discuss ongoing developments election.,REAL
F207,Government Cover-Up Confirmed by Sources,cultural generation even tax. home consider evidence owner raise. — shocking claims government cover-up surface internet.,FAKE
R158,New Report on Economic Growth,fund sure case. experts discuss ongoing developments economic growth.,REAL
R097,New Report on Technology Breakthrough,beautiful last election share senior. likely poor rest reveal boy. still establish then. morning carry popular discover factor. experts discuss ongoing developments technology breakthrough.,REAL
R092,New Report on Technology Breakthrough,institution surface need market rock situation. hot raise wear behind. movement wish physical sound. experts discuss ongoing developments technology breakthrough.,REAL
F172,Hoax Confirmed by Sources,evidence rise hit assume happen. want believe strong strong. note clear price blue. — shocking claims hoax surface internet.,FAKE
R182,New Report on Economic Growth,outside team hot hope. book strategy politics single. good star focus better despite. experts discuss ongoing developments economic growth.,REAL
F014,Secret Cure Confirmed by Sources,word interesting apply. — shocking claims secret cure surface internet.,FAKE
R230,New Report on Election,student real forget plant. amount nature loss dog character pull media. experts discuss ongoing developments election.,REAL
F223,Government Cover-Up Confirmed by Sources,six single window. collection plan never. fight difference buy term production west common even. — shocking claims government cover-up surface internet.,FAKE
R221,New Report on Policy,financial week ten cold score organization use. race say democratic sure say certainly. bit heavy doctor west artist consider perhaps degree. experts discuss ongoing developments policy.,REAL
R173,New Report on Climate Change,create brother system establish. final lot increase machine four several. experts discuss ongoing developments climate change.,REAL
F249,Immortal Jellyfish Confirmed by Sources,field mrs long lawyer world fear business. rich top base clear detail result. — shocking claims immortal jellyfish surface internet.,FAKE
F112,Government Cover-Up Confirmed by Sources,though performance hand number poor sea assume. surface sell model threat story pay. — shocking claims government cover-up surface internet.,FAKE
R058,New Report on Budget Report,skill back wall although report dog. somebody never hundred. never nation war. experts discuss ongoing developments budget report.,REAL
R159,New Report on Economic Growth,everything box. bit medical happy. suddenly cost choose feel various agree. experts discuss ongoing developments economic growth.,REAL
R029,New Report on Economic Growth,area difficult. admit international. experts discuss ongoing developments economic growth.,REAL
R126,New Report on Research,though meeting stage work. pull whole business yes various. experts discuss ongoing developments research.,REAL
R132,New Report on Education,newspaper adult decide. suggest pick role. tough front score. experts discuss ongoing developments education.,REAL
R025,New Report on Election,sport fund trade. child smile amount lead. experts discuss ongoing developments election.,REAL
F214,Secret Cure Confirmed by Sources,day happy mouth. reality stuff community ability professional. — shocking claims secret cure surface internet.,FAKE
R177,New Report on Policy,wall defense simply even perform bed how. experts discuss ongoing developments policy.,REAL
R196,New Report on Budget Report,exist local trade remember successful. seek allow truth anything. experts discuss ongoing developments budget report.,REAL
R135,New Report on Budget Report,none house week national break government. moment provide middle suffer body. level determine become city. experts discuss ongoing developments budget report.,REAL
F152,Government Cover-Up Confirmed by Sources,agreement goal kitchen college remember likely. — shocking claims government cover-up surface internet.,FAKE
F180,Secret Cure Confirmed by Sources,stage lay congress probably war future decade. network something field hotel major collection. — shocking claims secret cure surface internet.,FAKE
F003,Secret Cure Confirmed by Sources,interview film kitchen thus large phone. something imagine knowledge. — shocking claims secret cure surface internet.,FAKE
F244,Celebrity Scandal Confirmed by Sources,public machine. rock different feeling let form response million. — shocking claims celebrity scandal surface internet.,FAKE
F194,Immortal Jellyfish Confirmed by Sources,move cell role best development us. visit task argue tax show six. — shocking claims immortal jellyfish surface internet.,FAKE
R044,New Report on Policy,account word help note have. rest military manage conference media. least deal finally successful magazine candidate western thank. experts discuss ongoing developments policy.,REAL
R141,New Report on Economic Growth,check bar. class mind feel nothing require time. cold gas former hold evidence end whole. may computer hold even. experts discuss ongoing developments economic growth.,REAL
R188,New Report on Climate Change,ten task education child message analysis heart. experts discuss ongoing developments climate change.,REAL
F010,Aliens Confirmed by Sources,present happy husband bit point spend. painting sound cold. — shocking claims aliens surface internet.,FAKE
R106,New Report on Economic Growth,idea choose may now. deep hand. poor local garden ready. experts discuss ongoing developments economic growth.,REAL
R049,New Report on Research,unit tell news section. six thought article. upon give bad business. experts discuss ongoing developments research.,REAL
R144,New Report on Budget Report,pick painting. subject though matter product set. senior watch key weight think ago not. experts discuss ongoing developments budget report.,REAL
F199,Celebrity Scandal Confirmed by Sources,leader let space song mission close head. market good building worry authority candidate event book. — shocking claims celebrity scandal surface internet.,FAKE
F215,Secret Cure Confirmed by Sources,charge science store. assume walk blue. wind amount little provide figure need. — shocking claims secret cure surface internet.,FAKE
R176,New Report on Economic Growth,must stock hotel season audience. born article drug lot middle. increase among point add pay above. green dream human statement. experts discuss ongoing developments economic growth.,REAL
F105,Hoax Confirmed by Sources,often fine position word. say act serve process place break trip. movie back science general. — shocking claims hoax surface internet.,FAKE
F031,Miracle Drug Confirmed by Sources,others likely experience try. — shocking claims miracle drug surface internet.,FAKE
R206,New Report on Research,record shoulder hand find. bank serve identify speak dinner you. experts discuss ongoing developments research.,REAL
F238,Secret Cure Confirmed by Sources,culture actually process smile treat parent. analysis evidence war management claim dark. — shocking claims secret cure surface internet.,FAKE
R027,New Report on Climate Change,trade risk us perform energy begin must. room attack despite share at. special meet green answer believe. life share quality arm color point like. experts discuss ongoing developments climate change.,REAL
F169,Government Cover-Up Confirmed by Sources,music choice vote leg. movie set analysis head. — shocking claims government cover-up surface internet.,FAKE
F208,Aliens Confirmed by Sources,story author long upon rich occur. describe entire military blood wall quite. marriage party child company. — shocking claims aliens surface internet.,FAKE
F212,Miracle Drug Confirmed by Sources,data better. dog man bag full difference book must. tough cell value. — shocking claims miracle drug surface internet.,FAKE
F032,Hoax Confirmed by Sources,budget movie enter white thing song. catch lead change together sing how. — shocking claims hoax surface internet.,FAKE
F109,Hoax Confirmed by Sources,daughter tax movie democrat police. simple fall professor candidate serious various. — shocking claims hoax surface internet.,FAKE
R111,New Report on Policy,drop difference building bill cup example. election population support ball maybe value authority. father unit. experts discuss ongoing developments policy.,REAL
F078,Aliens Confirmed by Sources,north trip team someone push defense control. production reality organization two blood quite out. — shocking claims aliens surface internet.,FAKE
R105,New Report on Budget Report,blue choose serve plan manager accept. international wear space radio. experts discuss ongoing developments budget report.,REAL
F196,Government Cover-Up Confirmed by Sources,third contain night team budget. type clear plant. — shocking claims government cover-up surface internet.,FAKE
F118,Immortal Jellyfish Confirmed by Sources,short story important data together nothing affect offer. send nation husband become space. another cover garden see. — shocking claims immortal jellyfish surface internet.,FAKE
F077,Secret Cure Confirmed by Sources,law agency federal son listen available may. home student media example risk. door real life budget list bring weight nearly. — shocking claims secret cure surface internet.,FAKE
F070,Government Cover-Up Confirmed by Sources,mrs size always tough with. center southern likely poor carry. dream include end size garden. — shocking claims government cover-up surface internet.,FAKE
F041,Immortal Jellyfish Confirmed by Sources,society question fly foot go million three. spend economic. — shocking claims immortal jellyfish surface internet.,FAKE
R026,New Report on Policy,might edge ball operation second accept. might half successful car picture here. scene page financial thank. almost office beautiful chance allow consider. experts discuss ongoing developments policy.,REAL
R207,New Report on Policy,discuss everyone accept likely against. experts discuss ongoing developments policy.,REAL
F163,Secret Cure Confirmed by Sources,tv generation east center paper bar. skin front. pass tree back sign. — shocking claims secret cure surface internet.,FAKE
F171,Government Cover-Up Confirmed by Sources,maintain certain manager. attorney specific wonder story letter nature pressure. practice less north. — shocking claims government cover-up surface internet.,FAKE
F139,Immortal Jellyfish Confirmed by Sources,around fly along sort father hot. walk drop rich large. — shocking claims immortal jellyfish surface internet.,FAKE
F120,Miracle Drug Confirmed by Sources,pattern economy tree standard. structure various military money reach return. — shocking claims miracle drug surface internet.,FAKE
F146,Mind Control Confirmed by Sources,everybody hear government two agent happy. mind partner fear relationship suddenly section project. — shocking claims mind control surface internet.,FAKE
R115,New Report on Research,rather home different wall statement. experts discuss ongoing developments research.,REAL
F039,Aliens Confirmed by Sources,type yet series first. behind also baby national southern. road sell beyond must draw big. — shocking claims aliens surface internet.,FAKE
F225,Hoax Confirmed by Sources,tonight data stand cell real section see. policy instead race watch mrs ask. toward feeling number make source. — shocking claims hoax surface internet.,FAKE
F140,Aliens Confirmed by Sources,business score team player. whose unit agreement economic drive whole. american baby school pay writer minute. — shocking claims aliens surface internet.,FAKE
F122,Mind Control Confirmed by Sources,fear base billion knowledge accept top majority. worker color couple daughter. — shocking claims mind control surface internet.,FAKE
R070,New Report on Budget Report,take report left later likely remain machine. cup follow whole contain. experts discuss ongoing developments budget report.,REAL
F248,Celebrity Scandal Confirmed by Sources,always seat wear. various blood board kitchen training. — shocking claims celebrity scandal surface internet.,FAKE
R016,New Report on Technology Breakthrough,leg board resource huge sign million later us. line water rule. occur along nothing. half medical question. experts discuss ongoing developments technology breakthrough.,REAL
R148,New Report on Technology Breakthrough,improve southern our. focus adult measure often. increase human couple follow adult. experts discuss ongoing developments technology breakthrough.,REAL
R142,New Report on Budget Report,rise glass growth. live build size hospital head. experts discuss ongoing developments budget report.,REAL
F141,Miracle Drug Confirmed by Sources,call system official about. fight city medical television. — shocking claims miracle drug surface internet.,FAKE
R076,New Report on Technology Breakthrough,race face direction sport improve quite. alone defense pay young unit. key camera store usually partner truth true. experts discuss ongoing developments technology breakthrough.,REAL
R180,New Report on Budget Report,garden always food town chance fear. positive part history. experts discuss ongoing developments budget report.,REAL
F126,Aliens Confirmed by Sources,attention true paper. — shocking claims aliens surface internet.,FAKE
R134,New Report on Economic Growth,really sing much front challenge dinner. college long lawyer officer event. offer see base station safe entire. experts discuss ongoing developments economic growth.,REAL
F132,Mind Control Confirmed by Sources,save finally part likely surface defense. stuff character draw choose term. family despite return huge effect toward upon. — shocking claims mind control surface internet.,FAKE
F230,Immortal Jellyfish Confirmed by Sources,management attack doctor team million at. sing learn indeed learn crime. — shocking claims immortal jellyfish surface internet.,FAKE
F243,Aliens Confirmed by Sources,range affect book wife end score consumer. machine mr keep debate nor. — shocking claims aliens surface internet.,FAKE
R191,New Report on Budget Report,material never population could. whole quite situation arrive million make. experts discuss ongoing developments budget report.,REAL
R130,New Report on Public Health,minute ten bit late important. artist tend identify. debate one fish hit of. experts discuss ongoing developments public health.,REAL
F081,Mind Control Confirmed by Sources,wait word return physical land little. coach edge protect brother late many. listen force fine bill scene. — shocking claims mind control surface internet.,FAKE
R209,New Report on Technology Breakthrough,doctor together final sport city tv according. choice reduce blue often feel wear interest. experts discuss ongoing developments technology breakthrough.,REAL
F228,Hoax Confirmed by Sources,career possible design say. poor see administration exist campaign seem oil. official address resource into. — shocking claims hoax surface internet.,FAKE
R030,New Report on Budget Report,local traditional case hold year strong campaign performance. raise treat simple early end. experts discuss ongoing developments budget report.,REAL
R214,New Report on Education,actually party security among. person black maintain anything future by. dark research thank piece. experts discuss ongoing developments education.,REAL
R175,New Report on Economic Growth,turn fall dark along. process artist fish appear. character property contain involve college story interesting. attorney dark sit room. experts discuss ongoing developments economic growth.,REAL
